RR_timestamps_ST,RR_ST,target
1647352948935,803,0
1647352949797,778,0
1647352950810,934,0
1647352951671,932,0
1647352952460,802,0
1647352953214,787,0
1647352954034,792,0
1647352954859,816,0
1647352955722,803,0
1647352957635,853,0
1647352958422,801,0
1647352959284,912,0
1647352960115,787,0
1647352960904,822,0
1647352961685,758,0
1647352962479,785,0
1647352963260,782,0
1647352963991,775,0
1647352964722,735,0
1647352965472,759,0
1647352966260,774,0
1647352967053,749,0
1647352967797,746,0
1647352968550,775,0
1647352969372,794,0
1647352970089,790,0
1647352970873,776,0
1647352971923,875,0
1647352972748,924,0
1647352973535,790,0
1647352974285,774,0
1647352975146,814,0
1647352975860,797,0
1647352976616,766,0
1647352977360,730,0
1647352978034,718,0
1647352978792,718,0
1647352980555,642,0
1647352981153,651,0
1647352981785,643,0
1647352982501,640,0
1647352983103,653,0
1647352983810,658,0
1647352984447,662,0
1647352985084,663,0
1647352985767,667,0
1647352986510,670,0
1647352987109,667,0
1647352987560,604,0
1647352988311,659,0
1647352988909,674,0
1647352989623,701,0
1647352990228,620,0
1647352990860,644,0
1647352991542,635,0
1647352992248,682,0
1647352992921,694,0
1647352993560,683,0
1647352994234,636,0
1647352994954,664,0
1647352995623,667,0
1647352996298,663,0
1647352996934,660,0
1647352997610,657,0
1647352998215,651,0
1647352998847,646,0
1647352999560,643,0
1647353000158,642,0
1647353000767,626,0
1647353001370,608,0
1647353001966,600,0
1647353002597,615,0
1647353003234,637,0
1647353003910,642,0
1647353004623,636,0
1647353005184,618,0
1647353005717,615,0
1647353006348,612,0
1647353006983,603,0
1647353007554,588,0
1647353008183,598,0
1647353008222,677,0
1647353008861,658,0
1647353009498,629,0
1647353010141,639,0
1647353010811,623,0
1647353011146,679,0
1647353012723,644,0
1647353013285,645,0
1647353013996,654,0
1647353014673,673,0
1647353015273,670,0
1647353015991,664,0
1647353016624,655,0
1647353017222,645,0
1647353017867,634,0
1647353018573,627,0
1647353019172,633,0
1647353019848,637,0
1647353020417,631,0
1647353021091,634,0
1647353021723,640,0
1647353022361,648,0
1647353023035,656,0
1647353023680,673,0
1647353024355,672,0
1647353025097,672,0
1647353025736,675,0
1647353026346,673,0
1647353027054,667,0
1647353027724,661,0
1647353028398,655,0
1647353029034,654,0
1647353029673,652,0
1647353030283,649,0
1647353030909,641,0
1647353031548,622,0
1647353032184,614,0
1647353032786,600,0
1647353033350,599,0
1647353033984,604,0
1647353034658,607,0
1647353035271,612,0
1647353035860,620,0
1647353036499,629,0
1647353037103,638,0
1647353037773,667,0
1647353038456,673,0
1647353038784,698,0
1647353039312,651,0
1647353040022,675,0
1647353040736,697,0
1647353041337,688,0
1647353042122,724,0
1647353042874,720,0
1647353043699,749,0
1647353044300,763,0
1647353045085,690,0
1647353045656,680,0
1647353046436,704,0
1647353047152,734,0
1647353047937,748,0
1647353048619,681,0
1647353049362,728,0
1647353050185,755,0
1647353050974,847,0
1647353051762,768,0
1647353052594,761,0
1647353053272,780,0
1647353054160,868,0
1647353054987,820,0
1647353055812,874,0
1647353056597,745,0
1647353057312,811,0
1647353058172,785,0
1647353058968,855,0
1647353059412,733,0
1647353060536,786,0
1647353061287,788,0
1647353062154,805,0
1647353062974,798,0
1647353063799,831,0
1647353064550,832,0
1647353065490,869,0
1647353066234,803,0
1647353066994,729,0
1647353067737,780,0
1647353068412,694,0
1647353069122,702,0
1647353069800,691,0
1647353070662,781,0
1647353071419,857,0
1647353073411,955,0
1647353074223,843,0
1647353075012,776,0
1647353075725,759,0
1647353076437,695,0
1647353077229,803,0
1647353078125,763,0
1647353078874,916,0
1647353080492,795,0
1647353081284,806,0
1647353082097,826,0
1647353082962,840,0
1647353083787,854,0
1647353084656,875,0
1647353085632,877,0
1647353086423,854,0
1647353087204,835,0
1647353088101,837,0
1647353088925,851,0
1647353089863,880,0
1647353090725,879,0
1647353091624,871,0
1647353092494,880,0
1647353093361,885,0
1647353094217,867,0
1647353095037,849,0
1647353095863,838,0
1647353096725,833,0
1647353097550,829,0
1647353098345,821,0
1647353099123,788,0
1647353099844,748,0
1647353100552,729,0
1647353101222,679,0
1647353101937,657,0
1647353102725,708,0
1647353103437,761,0
1647353104155,779,0
1647353104982,785,0
1647353105800,786,0
1647353106625,796,0
1647353107563,865,0
1647353108312,875,0
1647353109105,783,0
1647353109850,763,0
1647353110562,762,0
1647353111351,772,0
1647353112173,787,0
1647353113000,789,0
1647353113750,788,0
1647353114500,774,0
1647353115217,732,0
1647353115850,668,0
1647353116675,719,0
1647353117395,778,0
1647353118250,793,0
1647353119036,793,0
1647353121144,840,0
1647353122113,919,0
1647353123051,942,0
1647353123919,873,0
1647353124738,839,0
1647353125563,833,0
1647353126425,833,0
1647353127251,826,0
1647353128073,809,0
1647353128338,1003,0
1647353129123,862,0
1647353130625,860,0
1647353131488,862,0
1647353132350,874,0
1647353133211,857,0
1647353134038,867,0
1647353134863,838,0
1647353135656,807,0
1647353136625,817,0
1647353137348,838,0
1647353138124,800,0
1647353138919,791,0
1647353139746,789,0
1647353140488,795,0
1647353141286,760,0
1647353142062,766,0
1647353143007,879,0
1647353143750,808,0
1647353144500,750,0
1647353145174,739,0
1647353146044,779,0
1647353146788,836,0
1647353147576,743,0
1647353148299,719,0
1647353148998,748,0
1647353149863,767,0
1647353150614,767,0
1647353151288,746,0
1647353151961,757,0
1647353152938,743,0
1647353153613,738,0
1647353154288,732,0
1647353154924,685,0
1647353155571,595,0
1647353156287,705,0
1647353157061,761,0
1647353157851,774,0
1647353158601,777,0
1647353159426,782,0
1647353160251,796,0
1647353160999,796,0
1647353161788,776,0
1647353162651,766,0
1647353163326,763,0
1647353164036,767,0
1647353164864,770,0
1647353165612,775,0
1647353166438,800,0
1647353167301,845,0
1647353168124,848,0
1647353168957,796,0
1647353169664,769,0
1647353170452,757,0
1647353171161,753,0
1647353171883,756,0
1647353172664,756,0
1647353173488,752,0
1647353174168,750,0
1647353174914,755,0
1647353175739,762,0
1647353176487,767,0
1647353177205,770,0
1647353178100,770,0
1647353178820,774,0
1647353179568,773,0
1647353180287,725,0
1647353181181,822,0
1647353181971,867,0
1647353182601,788,0
1647353183501,726,0
1647353184212,726,0
1647353185001,717,0
1647353185726,751,0
1647353186351,729,0
1647353187106,703,0
1647353187851,754,0
1647353188683,746,0
1647353189427,797,0
1647353190143,757,0
1647353190926,755,0
1647353191714,738,0
1647353192352,754,0
1647353193069,699,0
1647353193820,687,0
1647353194422,712,0
1647353195276,771,0
1647353196099,863,0
1647353196925,774,0
1647353197639,697,0
1647353198352,727,0
1647353199099,783,0
1647353199933,790,0
1647353200721,766,0
1647353201501,783,0
1647353202252,800,0
1647353203156,842,0
1647353203939,768,0
1647353204728,760,0
1647353205439,770,0
1647353206232,781,0
1647353206946,748,0
1647353207734,701,0
1647353208412,730,0
1647353209187,758,0
1647353210052,847,0
1647353210914,880,0
1647353211671,777,0
1647353212346,715,0
1647353213125,757,0
1647353213914,763,0
1647353214852,895,0
1647353215790,937,0
1647353216689,864,0
1647353217364,740,0
1647353218225,880,0
1647353219614,804,0
1647353220371,794,0
1647353221156,793,0
1647353222052,818,0
1647353222989,918,0
1647353223814,876,0
1647353224608,820,0
1647353225395,798,0
1647353226213,783,0
1647353227083,777,0
1647353227752,777,0
1647353228547,791,0
1647353229334,801,0
1647353230112,773,0
1647353230946,784,0
1647353231696,807,0
1647353232477,789,0
1647353233225,763,0
1647353234052,773,0
1647353234094,819,0
1647353234914,759,0
1647353235589,726,0
1647353236415,754,0
1647353237162,766,0
1647353237915,732,0
1647353238627,724,0
1647353239340,768,0
1647353240163,783,0
1647353240877,747,0
1647353241596,696,0
1647353242225,718,0
1647353243171,789,0
1647353243959,849,0
1647353245377,766,0
1647353246163,770,0
1647353246924,774,0
1647353247664,782,0
1647353248490,796,0
1647353249289,817,0
1647353250100,823,0
1647353250928,805,0
1647353251715,797,0
1647353252503,790,0
1647353253327,780,0
1647353254045,774,0
1647353254797,768,0
1647353255690,763,0
1647353256364,762,0
1647353257081,756,0
1647353257865,749,0
1647353258544,735,0
1647353259327,727,0
1647353259963,718,0
1647353260752,708,0
1647353261434,700,0
1647353262100,694,0
1647353262815,692,0
1647353263490,685,0
1647353264163,690,0
1647353264922,712,0
1647353265596,731,0
1647353266340,737,0
1647353267088,716,0
1647353267802,716,0
1647353268477,706,0
1647353270209,682,0
1647353270922,687,0
1647353271627,703,0
1647353272340,721,0
1647353273050,722,0
1647353273803,731,0
1647353274665,780,0
1647353275490,877,0
1647353276247,758,0
1647353276920,721,0
1647353277628,696,0
1647353278192,671,0
1647353278909,642,0
1647353279543,641,0
1647353280175,657,0
1647353280853,645,0
1647353281415,607,0
1647353282126,633,0
1647353282809,667,0
1647353283478,684,0
1647353284113,684,0
1647353284790,677,0
1647353285465,675,0
1647353286252,672,0
1647353286851,669,0
1647353287497,670,0
1647353288170,665,0
1647353288802,655,0
1647353289440,658,0
1647353290189,662,0
1647353290791,663,0
1647353291615,678,0
1647353292290,783,0
1647353292926,688,0
1647353293566,636,0
1647353294239,637,0
1647353294878,646,0
1647353295553,658,0
1647353296303,723,0
1647353296945,703,0
1647353297615,662,0
1647353298220,656,0
1647353305047,676,0
1647353305678,650,0
1647353306327,614,0
1647353306801,518,0
1647353307410,622,0
1647353308121,665,0
1647353308798,687,0
1647353309472,675,0
1647353310108,669,0
1647353310778,672,0
1647353311460,682,0
1647353312279,743,0
1647353312989,734,0
1647353313635,676,0
1647353314303,658,0
1647353314976,639,0
1647353315466,597,0
1647353316101,584,0
1647353316740,626,0
1647353317415,651,0
1647353318052,656,0
1647353318766,656,0
1647353319335,652,0
1647353319964,643,0
1647353320604,630,0
1647353321208,614,0
1647353321840,617,0
1647353322486,622,0
1647353323083,624,0
1647353323716,631,0
1647353324429,645,0
1647353325064,666,0
1647353325740,668,0
1647353326347,658,0
1647353326976,640,0
1647353327735,645,0
1647353328291,653,0
1647353328971,656,0
1647353329716,660,0
1647353330278,666,0
1647353331026,670,0
1647353331666,673,0
1647353332341,672,0
1647353332945,671,0
1647353333660,672,0
1647353334335,674,0
1647353335039,673,0
1647353335679,671,0
1647353335721,706,0
1647353336398,719,0
1647353337064,680,0
1647353337778,635,0
1647353338341,629,0
1647353338983,643,0
1647353339660,677,0
1647353340367,671,0
1647353341046,694,0
1647353341678,668,0
1647353342327,649,0
1647353343071,661,0
1647353343704,624,0
1647353344342,721,0
1647353345165,785,0
1647353346067,837,0
1647353346550,772,0
1647353347451,679,0
1647353348133,602,0
1647353349404,638,0
1647353350110,669,0
1647353350789,687,0
1647353351398,671,0
1647353352109,657,0
1647353352740,660,0
1647353353416,677,0
1647353354171,689,0
1647353354849,719,0
1647353355592,736,0
1647353356342,744,0
1647353357164,780,0
1647353358029,787,0
1647353358742,795,0
1647353359573,791,0
1647353360235,751,0
1647353360960,729,0
1647353361741,733,0
1647353362492,739,0
1647353363248,754,0
1647353363502,718,0
1647353364215,720,0
1647353364967,771,0
1647353365679,770,0
1647353366542,746,0
1647353367190,732,0
1647353367929,751,0
1647353368716,822,0
1647353369590,789,0
1647353370292,703,0
1647353370964,722,0
1647353371723,738,0
1647353372692,727,0
1647353373177,711,0
1647353373974,741,0
1647353374761,804,0
1647353375616,864,0
1647353376336,784,0
1647353377115,741,0
1647353377904,765,0
1647353378767,753,0
1647353379367,710,0
1647353380040,705,0
1647353380716,716,0
1647353381547,724,0
1647353382221,718,0
1647353382929,700,0
1647353383604,689,0
1647353384327,706,0
1647353384915,752,0
1647353385854,713,0
1647353386425,714,0
1647353387090,690,0
1647353387886,692,0
1647353388487,666,0
1647353389278,703,0
1647353389902,748,0
1647353390364,661,0
1647353391377,700,0
1647353392047,695,0
1647353392754,691,0
1647353393429,683,0
1647353394108,678,0
1647353394816,682,0
1647353395499,687,0
1647353396240,696,0
1647353396992,701,0
1647353397667,709,0
1647353398304,714,0
1647353399060,717,0
1647353399736,721,0
1647353400629,732,0
1647353401304,765,0
1647353402128,784,0
1647353402842,773,0
1647353403592,754,0
1647353404390,748,0
1647353405090,747,0
1647353405917,748,0
1647353406630,751,0
1647353407343,756,0
1647353408096,759,0
1647353408842,760,0
1647353409592,755,0
1647353410343,745,0
1647353411090,732,0
1647353411804,723,0
1647353412480,727,0
1647353413153,676,0
1647353413911,693,0
1647353414655,733,0
1647353415411,767,0
1647353416227,804,0
1647353417168,700,0
1647353417880,690,0
1647353418593,750,0
1647353419492,802,0
1647353420134,793,0
1647353420992,758,0
1647353421711,778,0
1647353422718,828,0
1647353423399,868,0
1647353424215,784,0
1647353424930,734,0
1647353425680,721,0
1647353426404,745,0
1647353427216,790,0
1647353427755,769,0
1647353428730,733,0
1647353429355,751,0
1647353430178,748,0
1647353431043,799,0
1647353431718,730,0
1647353432429,722,0
1647353433178,704,0
1647353433931,687,0
1647353434718,818,0
1647353435328,717,0
1647353436109,740,0
1647353436855,733,0
1647353437762,798,0
1647353438356,758,0
1647353439072,736,0
1647353439930,762,0
1647353440650,808,0
1647353441467,774,0
1647353442216,727,0
1647353442930,744,0
1647353443793,802,0
1647353444730,838,0
1647353445412,934,0
1647353446868,803,0
1647353447700,799,0
1647353448556,798,0
1647353449229,798,0
1647353450130,793,0
1647353450843,782,0
1647353451592,765,0
1647353452343,756,0
1647353453097,753,0
1647353453843,755,0
1647353454631,759,0
1647353455387,761,0
1647353456090,763,0
1647353456850,760,0
1647353457630,749,0
1647353458343,734,0
1647353459097,758,0
1647353459887,778,0
1647353460668,779,0
1647353461537,785,0
1647353462280,801,0
1647353463103,818,0
1647353463968,836,0
1647353464830,816,0
1647353465550,800,0
1647353466368,796,0
1647353467116,783,0
1647353467868,750,0
1647353468587,746,0
1647353469368,744,0
1647353470116,746,0
1647353470943,747,0
1647353471663,746,0
1647353472293,733,0
1647353472329,731,0
1647353473116,761,0
1647353473731,741,0
1647353474693,761,0
1647353475368,827,0
1647353476279,860,0
1647353476985,823,0
1647353477850,720,0
1647353478638,755,0
1647353479235,778,0
1647353480094,718,0
1647353480881,776,0
1647353481560,697,0
1647353482344,736,0
1647353483098,777,0
1647353484001,843,0
1647353484744,752,0
1647353485493,874,0
1647353486919,776,0
1647353487757,785,0
1647353488575,795,0
1647353489356,798,0
1647353490066,792,0
1647353490937,785,0
1647353491651,772,0
1647353492442,760,0
1647353493186,748,0
1647353493863,733,0
1647353494718,713,0
1647353495356,728,0
1647353496110,753,0
1647353496856,751,0
1647353497681,725,0
1647353498292,714,0
1647353498954,715,0
1647353499744,717,0
1647353500419,713,0
1647353501091,711,0
1647353501850,718,0
1647353502637,727,0
1647353503316,734,0
1647353504054,739,0
1647353504775,737,0
1647353505556,728,0
1647353506229,724,0
1647353506981,731,0
1647353507844,744,0
1647353508481,769,0
1647353509235,755,0
1647353509981,727,0
1647353510694,721,0
1647353511406,724,0
1647353512154,728,0
1647353512869,733,0
1647353513620,741,0
1647353514407,751,0
1647353515191,759,0
1647353515913,768,0
1647353516700,781,0
1647353517566,810,0
1647353517598,805,0
1647353518317,706,0
1647353519054,631,0
1647353519776,738,0
1647353520557,759,0
1647353521306,766,0
1647353522092,737,0
1647353522775,746,0
1647353524307,728,0
1647353525091,744,0
1647353525813,772,0
1647353526561,767,0
1647353527279,742,0
1647353528055,742,0
1647353528851,757,0
1647353529631,786,0
1647353530420,787,0
1647353531167,785,0
1647353531994,783,0
1647353532744,779,0
1647353533570,770,0
1647353534242,747,0
1647353534957,825,0
1647353535745,705,0
1647353536355,679,0
1647353537167,738,0
1647353537807,729,0
1647353538668,797,0
1647353539344,738,0
1647353540098,747,0
1647353540775,766,0
1647353541744,786,0
1647353542570,898,0
1647353543919,798,0
1647353544713,810,0
1647353545608,812,0
1647353546357,808,0
1647353547180,806,0
1647353547932,798,0
1647353548757,779,0
1647353549476,755,0
1647353550149,735,0
1647353550932,739,0
1647353551682,742,0
1647353552439,744,0
1647353553179,744,0
1647353553902,742,0
1647353554683,743,0
1647353555432,740,0
1647353556068,726,0
1647353556857,740,0
1647353557607,788,0
1647353558283,766,0
1647353559074,693,0
1647353559932,758,0
1647353560682,770,0
1647353561401,835,0
1647353562180,870,0
1647353562932,783,0
1647353563683,775,0
1647353564470,766,0
1647353565149,759,0
1647353565932,753,0
1647353566655,744,0
1647353567433,729,0
1647353568112,715,0
1647353568782,708,0
1647353569610,710,0
1647353570242,701,0
1647353570920,684,0
1647353571563,670,0
1647353572230,680,0
1647353572907,693,0
1647353573664,707,0
1647353574407,739,0
1647353575154,743,0
1647353575907,747,0
1647353576657,745,0
1647353577371,731,0
1647353578124,716,0
1647353578802,701,0
1647353579470,692,0
1647353580188,694,0
1647353580902,692,0
1647353581645,694,0
1647353582243,679,0
1647353582957,673,0
1647353583632,677,0
1647353584308,684,0
1647353584943,678,0
1647353585471,598,0
1647353586181,637,0
1647353586858,670,0
1647353587682,696,0
1647353589220,702,0
1647353589933,687,0
1647353590644,678,0
1647353591283,671,0
1647353591918,668,0
1647353592708,675,0
1647353593237,657,0
1647353593915,657,0
1647353594590,663,0
1647353595257,664,0
1647353595930,657,0
1647353596537,650,0
1647353597175,646,0
1647353598152,655,0
1647353599495,660,0
1647353600168,649,0
1647353600808,640,0
1647353601446,631,0
1647353601968,609,0
1647353602683,617,0
1647353603293,652,0
1647353603962,664,0
1647353604595,665,0
1647353605308,665,0
1647353605980,664,0
1647353606627,666,0
1647353607295,671,0
1647353607968,670,0
1647353608608,658,0
1647353609243,640,0
1647353609920,645,0
1647353610603,660,0
1647353611346,681,0
1647353611906,680,0
1647353612657,677,0
1647353613295,675,0
1647353613968,678,0
1647353614682,683,0
1647353615331,686,0
1647353615431,686,0
1647353616037,620,0
1647353616708,650,0
1647353617346,692,0
1647353618168,744,0
1647353618777,675,0
1647353619558,645,0
1647353620162,675,0
1647353620908,713,0
1647353621439,691,0
1647353622296,665,0
1647353622825,649,0
1647353623608,668,0
1647353624212,692,0
1647353625040,736,0
1647353625746,773,0
1647353627058,719,0
1647353627733,719,0
1647353628483,718,0
1647353629163,718,0
1647353629908,720,0
1647353630658,723,0
1647353631344,723,0
1647353632119,727,0
1647353632871,762,0
1647353633658,770,0
1647353634378,759,0
1647353635088,743,0
1647353635871,726,0
1647353636553,700,0
1647353637106,739,0
1647353637933,695,0
1647353638615,684,0
1647353639283,682,0
1647353640069,698,0
1647353640715,716,0
1647353641497,723,0
1647353642169,723,0
1647353642920,719,0
1647353643596,718,0
1647353644353,718,0
1647353645094,716,0
1647353645733,712,0
1647353646484,710,0
1647353647156,712,0
1647353647946,715,0
1647353648696,713,0
1647353649307,709,0
1647353650042,703,0
1647353650720,702,0
1647353651434,707,0
1647353651506,684,0
1647353652151,690,0
1647353652934,727,0
1647353653683,754,0
1647353654440,764,0
1647353655106,676,0
1647353655820,689,0
1647353656496,737,0
1647353657244,714,0
1647353657920,710,0
1647353658678,710,0
1647353659384,711,0
1647353660057,708,0
1647353660808,708,0
1647353661484,714,0
1647353662239,725,0
1647353662984,746,0
1647353663846,812,0
1647353664671,849,0
1647353665421,785,0
1647353666176,764,0
1647353666966,760,0
1647353667754,755,0
1647353668421,748,0
1647353669207,745,0
1647353669959,741,0
1647353670708,735,0
1647353671347,721,0
1647353671989,728,0
1647353672734,729,0
1647353673270,670,0
1647353674232,727,0
1647353674834,698,0
1647353675554,699,0
1647353676334,703,0
1647353676969,710,0
1647353677734,722,0
1647353678396,713,0
1647353679076,706,0
1647353679821,703,0
1647353680571,706,0
1647353681244,720,0
1647353681996,730,0
1647353682753,735,0
1647353683496,733,0
1647353684170,731,0
1647353684921,742,0
1647353685675,748,0
1647353686503,763,0
1647353687244,759,0
1647353687966,740,0
1647353688747,741,0
1647353689496,766,0
1647353690244,768,0
1647353691072,781,0
1647353691859,801,0
1647353692691,810,0
1647353693472,801,0
1647353694313,802,0
1647353695158,838,0
1647353696060,903,0
1647353696997,928,0
1647353697828,889,0
1647353698728,876,0
1647353699559,819,0
1647353700372,818,0
1647353701157,826,0
1647353701991,829,0
1647353702779,818,0
1647353703603,786,0
1647353704496,844,0
1647353705284,846,0
1647353705994,835,0
1647353706859,701,0
1647353707684,812,0
1647353708403,766,0
1647353709220,820,0
1647353709860,739,0
1647353710796,766,0
1647353711479,770,0
1647353712344,812,0
1647353713051,805,0
1647353713797,717,0
1647353714589,753,0
1647353715334,753,0
1647353716089,796,0
1647353716947,803,0
1647353717622,753,0
1647353718379,715,0
1647353719120,746,0
1647353719985,791,0
1647353720667,761,0
1647353721410,701,0
1647353721901,700,0
1647353722872,732,0
1647353723697,746,0
1647353724270,690,0
1647353724933,729,0
1647353725654,723,0
1647353726435,739,0
1647353727152,824,0
1647353727972,689,0
1647353728610,703,0
1647353729407,714,0
1647353730114,734,0
1647353730672,765,0
1647353731691,739,0
1647353732284,724,0
1647353733033,695,0
1647353733747,677,0
1647353734423,699,0
1647353735133,707,0
1647353735891,690,0
1647353736486,674,0
1647353737310,721,0
1647353737914,765,0
1647353738772,785,0
1647353739183,710,0
1647353740235,717,0
1647353740879,714,0
1647353741735,752,0
1647353742485,759,0
1647353742827,716,0
1647353743916,739,0
1647353744629,756,0
1647353745411,708,0
1647353745971,675,0
1647353746723,743,0
1647353747480,707,0
1647353748153,748,0
1647353748935,699,0
1647353749610,665,0
1647353750178,681,0
1647353750998,708,0
1647353751567,658,0
1647353752202,682,0
1647353752872,664,0
1647353753628,686,0
1647353754033,645,0
1647353755048,660,0
1647353755723,663,0
1647353756404,662,0
1647353757040,658,0
1647353757748,660,0
1647353758311,667,0
1647353759058,667,0
1647353759735,680,0
1647353760417,679,0
1647353761090,691,0
1647353761872,725,0
1647353762772,748,0
1647353763411,818,0
1647353764233,792,0
1647353764910,745,0
1647353765660,736,0
1647353766410,736,0
1647353767158,760,0
1647353767987,774,0
1647353768892,882,0
1647353769748,877,0
1647353770535,804,0
1647353771258,780,0
1647353772109,771,0
1647353772830,770,0
1647353773611,767,0
1647353774360,762,0
1647353775108,757,0
1647353775860,755,0
1647353776692,758,0
1647353777436,790,0
1647353778220,767,0
1647353778979,755,0
1647353779648,748,0
1647353780436,745,0
1647353781190,742,0
1647353781973,738,0
1647353782685,739,0
1647353783406,741,0
1647353784183,750,0
1647353784973,783,0
1647353785760,768,0
1647353786548,742,0
1647353787152,742,0
1647353787936,754,0
1647353788723,761,0
1647353789436,736,0
1647353790184,737,0
1647353790898,742,0
1647353790971,831,0
1647353791693,754,0
1647353792473,780,0
1647353793299,795,0
1647353794046,799,0
1647353794873,766,0
1647353795660,757,0
1647353796347,746,0
1647353797092,743,0
1647353797842,749,0
1647353798623,776,0
1647353799418,780,0
1647353800159,782,0
1647353800987,782,0
1647353801736,781,0
1647353802561,776,0
1647353803311,779,0
1647353804065,777,0
1647353804855,767,0
1647353805711,760,0
1647353806348,765,0
1647353807172,777,0
1647353807930,771,0
1647353808673,755,0
1647353809349,736,0
1647353810096,712,0
1647353810811,699,0
1647353811567,725,0
1647353812312,758,0
1647353813134,773,0
1647353813885,776,0
1647353814603,775,0
1647353815394,774,0
1647353816209,770,0
1647353816923,763,0
1647353817681,758,0
1647353818424,752,0
1647353819141,749,0
1647353819924,757,0
1647353820748,766,0
1647353821543,784,0
1647353822361,814,0
1647353823184,815,0
1647353823906,803,0
1647353824725,777,0
1647353825481,776,0
1647353826222,763,0
1647353826936,715,0
1647353827649,698,0
1647353828437,757,0
1647353829228,791,0
1647353829973,786,0
1647353830806,780,0
1647353831548,780,0
1647353832374,786,0
1647353833196,789,0
1647353833912,786,0
1647353834736,783,0
1647353835535,785,0
1647353836322,800,0
1647353837172,830,0
1647353837997,825,0
1647353838793,815,0
1647353838859,798,0
1647353839574,832,0
1647353840335,718,0
1647353841222,796,0
1647353841937,785,0
1647353842799,834,0
1647353843525,764,0
1647353844222,713,0
1647353844861,710,0
1647353845687,713,0
1647353846362,715,0
1647353847003,648,0
1647353847676,674,0
1647353848536,688,0
1647353849249,687,0
1647353849922,687,0
1647353850599,690,0
1647353851312,691,0
1647353851985,674,0
1647353852699,670,0
1647353853412,679,0
1647353854046,686,0
1647353854731,685,0
1647353855436,683,0
1647353856034,684,0
1647353856787,673,0
1647353857425,657,0
1647353858097,670,0
1647353858812,697,0
1647353859486,714,0
1647353860197,727,0
1647353860987,732,0
1647353861662,727,0
1647353862374,704,0
1647353863047,691,0
1647353863724,687,0
1647353864436,680,0
1647353865110,664,0
1647353865756,663,0
1647353866431,675,0
1647353867106,663,0
1647353867743,660,0
1647353868412,661,0
1647353869160,661,0
1647353869762,664,0
1647353870437,664,0
1647353871072,664,0
1647353871787,672,0
1647353872543,758,0
1647353873210,726,0
1647353873812,619,0
1647353874449,617,0
1647353875092,643,0
1647353875769,677,0
1647353876624,754,0
1647353877222,717,0
1647353877937,666,0
1647353878612,658,0
1647353879287,684,0
1647353880041,750,0
1647353880756,705,0
1647353884912,908,0
1647353886907,670,0
1647353887694,747,0
1647353888444,751,0
1647353889080,673,0
1647353889756,654,0
1647353890350,645,0
1647353890947,626,0
1647353891625,614,0
1647353892222,610,0
1647353892862,614,0
1647353893500,627,0
1647353894098,632,0
1647353894706,641,0
1647353895412,662,0
1647353896160,701,0
1647353896912,744,0
1647353897737,771,0
1647353897892,692,0
1647353898487,673,0
1647353899123,735,0
1647353899913,719,0
1647353900663,710,0
1647353901375,694,0
1647353901973,668,0
1647353902725,675,0
1647353903438,725,0
1647353904230,746,0
1647353904981,757,0
1647353906743,741,0
1647353907419,722,0
1647353908160,718,0
1647353908875,726,0
1647353909595,727,0
1647353910375,726,0
1647353911048,718,0
1647353911725,714,0
1647353912438,681,0
1647353913155,714,0
1647353913975,759,0
1647353915707,821,0
1647353916488,759,0
1647353917235,760,0
1647353917995,765,0
1647353918775,771,0
1647353919600,788,0
1647353920463,820,0
1647353921251,823,0
1647353922110,824,0
1647353922901,836,0
1647353923920,1017,0
1647353924738,853,0
1647353925570,820,0
1647353926425,846,0
1647353927288,848,0
1647353928110,841,0
1647353929013,839,0
1647353929801,840,0
1647353930700,854,0
1647353931563,861,0
1647353932350,843,0
1647353932468,821,0
1647353933260,775,0
1647353934036,785,0
1647353934788,790,0
1647353935725,876,0
1647353936551,903,0
1647353937420,913,0
1647353938876,858,0
1647353939819,854,0
1647353940600,837,0
1647353941426,823,0
1647353942251,819,0
1647353943036,802,0
1647353943900,802,0
1647353944733,806,0
1647353945476,826,0
1647353946311,829,0
1647353947090,805,0
1647353947913,807,0
1647353948738,812,0
1647353949564,813,0
1647353950361,807,0
1647353951174,793,0
1647353951926,770,0
1647353952712,753,0
1647353953394,766,0
1647353954251,773,0
1647353954998,775,0
1647353955763,783,0
1647353955861,798,0
1647353956726,779,0
1647353957374,742,0
1647353958161,773,0
1647353958976,810,0
1647353959876,754,0
1647353960174,738,0
1647353961312,770,0
1647353962086,761,0
1647353962770,765,0
1647353963550,760,0
1647353964300,750,0
1647353965056,740,0
1647353965800,739,0
1647353966558,747,0
1647353967301,764,0
1647353968093,781,0
1647353968920,794,0
1647353969668,781,0
1647353970424,753,0
1647353971236,795,0
1647353972064,799,0
1647353972858,799,0
1647353973676,804,0
1647353974501,806,0
1647353975288,817,0
1647353976186,880,0
1647353977164,973,0
1647353978064,880,0
1647353978851,855,0
1647353979751,836,0
1647353980546,817,0
1647353981288,809,0
1647353982111,807,0
1647353982908,801,0
1647353983695,794,0
1647353984483,791,0
1647353984550,825,0
1647353985376,829,0
1647353986087,745,0
1647353986839,755,0
1647353987626,776,0
1647353988414,785,0
1647353989125,750,0
1647353989876,742,0
1647353990633,742,0
1647353991377,765,0
1647353992049,725,0
1647353992952,712,0
1647353993589,766,0
1647353994451,793,0
1647353995162,789,0
1647353995914,750,0
1647353996814,806,0
1647353997489,776,0
1647353998433,864,0
1647353999174,755,0
1647354000002,760,0
1647354000752,876,0
1647354001501,771,0
1647354003790,781,0
1647354004546,776,0
1647354005289,768,0
1647354006044,758,0
1647354006789,749,0
1647354007576,744,0
1647354008300,753,0
1647354009037,757,0
1647354009758,754,0
1647354010576,750,0
1647354011300,727,0
1647354011999,729,0
1647354012721,731,0
1647354013501,729,0
1647354014174,723,0
1647354014934,721,0
1647354015676,730,0
1647354016464,747,0
1647354017252,790,0
1647354017969,794,0
1647354018797,790,0
1647354019621,787,0
1647354020337,786,0
1647354021188,790,0
1647354021976,791,0
1647354022696,796,0
1647354023551,803,0
1647354024376,812,0
1647354025287,738,0
1647354026142,737,0
1647354026927,848,0
1647354027789,919,0
1647354028502,795,0
1647354029327,728,0
1647354030113,780,0
1647354030977,783,0
1647354031810,867,0
1647354032590,772,0
1647354033275,736,0
1647354034125,767,0
1647354034802,793,0
1647354035664,859,0
1647354036415,793,0
1647354037238,727,0
1647354037921,749,0
1647354038740,753,0
1647354039715,877,0
1647354040352,759,0
1647354041099,763,0
1647354041927,755,0
1647354042790,790,0
1647354043125,756,0
1647354044103,719,0
1647354044852,705,0
1647354045566,720,0
1647354046352,761,0
1647354046988,724,0
1647354047740,700,0
1647354048422,670,0
1647354049125,699,0
1647354049914,741,0
1647354050559,735,0
1647354051225,695,0
1647354051984,699,0
1647354052690,706,0
1647354053409,719,0
1647354054188,736,0
1647354054864,746,0
1647354055577,733,0
1647354056300,715,0
1647354057038,724,0
1647354057789,734,0
1647354058615,742,0
1647354059290,746,0
1647354060044,750,0
1647354060790,753,0
1647354061540,756,0
1647354062590,776,0
1647354064128,759,0
1647354064884,749,0
1647354065628,752,0
1647354066415,760,0
1647354067162,795,0
1647354067990,800,0
1647354068815,802,0
1647354069614,803,0
1647354070390,801,0
1647354071175,784,0
1647354072152,821,0
1647354072872,904,0
1647354073660,746,0
1647354074446,768,0
1647354075233,813,0
1647354076060,792,0
1647354076809,763,0
1647354077478,735,0
1647354078151,717,0
1647354078871,691,0
1647354079540,672,0
1647354080253,684,0
1647354081038,694,0
1647354081834,793,0
1647354082616,863,0
1647354083365,755,0
1647354084119,739,0
1647354084865,746,0
1647354085691,793,0
1647354086440,769,0
1647354087113,719,0
1647354087753,665,0
1647354088428,633,0
1647354089101,694,0
1647354089852,717,0
1647354090566,725,0
1647354091316,728,0
1647354093116,686,0
1647354093798,695,0
1647354094472,697,0
1647354095145,689,0
1647354095815,674,0
1647354096491,672,0
1647354097170,670,0
1647354097841,660,0
1647354098478,638,0
1647354099083,635,0
1647354099753,645,0
1647354101441,667,0
1647354102114,666,0
1647354102722,644,0
1647354103353,630,0
1647354104070,632,0
1647354104597,629,0
1647354104925,563,0
1647354105866,630,0
1647354106465,629,0
1647354107100,622,0
1647354107743,612,0
1647354108351,611,0
1647354108976,637,0
1647354109691,653,0
1647354110291,640,0
1647354110932,635,0
1647354111572,635,0
1647354112164,640,0
1647354112878,657,0
1647354113553,681,0
1647354114226,684,0
1647354114941,684,0
1647354115616,685,0
1647354116291,689,0
1647354117045,702,0
1647354117718,723,0
1647354118397,719,0
1647354119176,700,0
1647354119853,698,0
1647354120566,711,0
1647354121316,736,0
1647354122064,738,0
1647354122816,735,0
1647354123572,737,0
1647354124316,741,0
1647354125070,746,0
1647354125816,778,0
1647354126603,804,0
1647354127428,797,0
1647354128183,781,0
1647354128966,776,0
1647354129828,797,0
1647354130654,802,0
1647354131441,806,0
1647354132266,808,0
1647354133058,811,0
1647354133879,819,0
1647354134666,828,0
1647354135491,819,0
1647354136289,814,0
1647354137101,818,0
1647354137929,810,0
1647354138723,802,0
1647354139548,801,0
1647354140291,802,0
1647354141121,799,0
1647354141911,798,0
1647354142879,833,0
1647354143628,829,0
1647354144416,816,0
1647354145239,809,0
1647354146111,810,0
1647354146853,814,0
1647354147679,818,0
1647354148504,813,0
1647354149302,805,0
1647354150083,803,0
1647354150941,813,0
1647354151728,820,0
1647354152628,843,0
1647354153491,871,0
1647354154317,865,0
1647354155109,835,0
1647354155898,802,0
1647354156754,763,0
1647354157429,757,0
1647354158221,755,0
1647354158929,732,0
1647354159604,722,0
1647354160354,719,0
1647354161064,718,0
1647354161791,718,0
1647354162492,715,0
1647354163164,713,0
1647354163879,706,0
1647354164666,695,0
1647354165304,680,0
1647354165984,676,0
1647354166661,697,0
1647354167374,699,0
1647354168040,700,0
1647354168728,693,0
1647354169542,686,0
1647354170102,680,0
1647354170742,670,0
1647354171423,667,0
1647354172097,689,0
1647354172879,702,0
1647354173554,709,0
1647354174227,697,0
1647354175054,746,0
1647354175805,793,0
1647354176561,734,0
1647354177267,714,0
1647354177909,702,0
1647354178623,674,0
1647354179292,675,0
1647354180002,675,0
1647354180574,671,0
1647354181291,662,0
1647354181914,645,0
1647354182554,630,0
1647354183227,648,0
1647354183942,674,0
1647354184616,689,0
1647354185292,692,0
1647354186009,688,0
1647354186680,684,0
1647354187290,674,0
1647354187997,671,0
1647354188667,677,0
1647354189342,685,0
1647354190053,690,0
1647354190774,696,0
1647354191555,704,0
1647354192152,713,0
1647354192904,728,0
1647354193693,746,0
1647354194412,750,0
1647354195152,754,0
1647354195904,752,0
1647354196661,750,0
1647354197517,760,0
1647354198268,771,0
1647354198984,764,0
1647354199739,756,0
1647354200561,776,0
1647354201305,782,0
1647354202164,819,0
1647354202992,836,0
1647354203786,834,0
1647354204115,877,0
1647354204868,735,0
1647354205618,728,0
1647354207050,791,0
1647354207867,782,0
1647354208617,778,0
1647354209443,773,0
1647354210152,771,0
1647354210987,778,0
1647354211730,790,0
1647354212630,804,0
1647354213462,870,0
1647354214366,917,0
1647354215221,855,0
1647354216043,832,0
1647354216868,823,0
1647354217693,816,0
1647354218480,817,0
1647354219342,831,0
1647354219603,904,0
1647354221105,864,0
1647354221968,868,0
1647354222868,866,0
1647354223730,863,0
1647354224562,855,0
1647354225343,841,0
1647354226240,835,0
1647354227105,839,0
1647354227931,862,0
1647354228792,895,0
1647354229655,861,0
1647354230404,804,0
1647354231235,802,0
1647354232092,824,0
1647354232993,849,0
1647354233856,884,0
1647354234830,932,0
1647354235618,866,0
1647354236449,836,0
1647354237305,831,0
1647354238090,833,0
1647354238992,841,0
1647354239855,859,0
1647354240726,881,0
1647354241587,878,0
1647354242487,877,0
1647354243418,892,0
1647354244393,934,0
1647354245216,913,0
1647354246118,874,0
1647354246980,869,0
1647354247806,862,0
1647354248668,863,0
1647354249153,899,0
1647354250168,878,0
1647354250918,945,0
1647354251785,972,0
1647354252575,886,0
1647354253431,849,0
1647354254222,841,0
1647354255050,827,0
1647354255869,811,0
1647354256656,810,0
1647354257480,806,0
1647354258279,799,0
1647354259054,783,0
1647354259843,767,0
1647354260563,754,0
1647354261305,738,0
1647354262060,753,0
1647354262843,768,0
1647354263599,767,0
1647354264343,771,0
1647354265097,758,0
1647354265918,762,0
1647354266675,776,0
1647354267463,775,0
1647354268241,773,0
1647354269030,768,0
1647354269780,776,0
1647354270568,779,0
1647354271356,772,0
1647354272110,762,0
1647354272893,753,0
1647354273575,746,0
1647354274356,745,0
1647354275110,760,0
1647354275856,778,0
1647354276643,749,0
1647354277328,741,0
1647354278103,740,0
1647354278896,743,0
1647354279612,756,0
1647354280356,772,0
1647354281178,787,0
1647354281975,798,0
1647354282838,804,0
1647354283618,815,0
1647354284480,847,0
1647354285306,845,0
1647354286092,825,0
1647354286929,804,0
1647354287668,779,0
1647354288538,791,0
1647354289356,825,0
1647354290217,830,0
1647354290975,832,0
1647354291831,840,0
1647354292091,862,0
1647354292851,779,0
1647354293669,800,0
1647354294494,812,0
1647354295356,834,0
1647354296067,798,0
1647354296856,726,0
1647354297644,760,0
1647354298431,828,0
1647354299073,797,0
1647354300051,787,0
1647354300794,795,0
1647354301626,812,0
1647354302413,806,0
1647354303229,802,0
1647354304056,809,0
1647354304844,807,0
1647354305593,786,0
1647354306392,753,0
1647354307091,751,0
1647354307844,752,0
1647354308600,750,0
1647354309344,747,0
1647354310098,749,0
1647354310919,758,0
1647354311675,766,0
1647354312494,781,0
1647354313281,818,0
1647354314104,835,0
1647354314932,808,0
1647354315726,794,0
1647354316469,777,0
1647354317216,766,0
1647354317976,761,0
1647354318766,764,0
1647354319544,763,0
1647354320295,754,0
1647354320974,735,0
1647354321682,708,0
1647354322438,719,0
1647354323217,745,0
1647354323901,747,0
1647354324682,749,0
1647354325432,751,0
1647354326257,758,0
1647354327011,777,0
1647354327794,793,0
1647354328695,795,0
1647354329343,790,0
1647354330161,781,0
1647354330906,778,0
1647354331732,782,0
1647354332488,782,0
1647354333229,778,0
1647354334057,771,0
1647354334807,768,0
1647354335563,770,0
1647354336355,775,0
1647354337092,774,0
1647354337850,768,0
1647354338668,765,0
1647354339388,766,0
1647354340205,768,0
1647354340919,762,0
1647354341744,757,0
1647354342464,755,0
1647354343242,755,0
1647354343994,757,0
1647354344713,756,0
1647354345495,753,0
1647354346212,756,0
1647354346356,872,0
1647354347304,912,0
1647354348080,836,0
1647354348869,751,0
1647354349664,771,0
1647354350407,766,0
1647354351236,808,0
1647354352063,816,0
1647354352805,770,0
1647354353564,773,0
1647354354319,775,0
1647354355099,818,0
1647354355883,771,0
1647354356594,769,0
1647354357352,777,0
1647354358920,772,0
1647354359714,777,0
1647354360495,781,0
1647354361326,784,0
1647354362067,782,0
1647354362894,780,0
1647354363607,781,0
1647354364470,771,0
1647354365149,762,0
1647354365933,756,0
1647354366682,770,0
1647354367507,771,0
1647354368180,764,0
1647354368970,764,0
1647354369757,772,0
1647354370545,780,0
1647354371376,783,0
1647354372118,781,0
1647354372870,775,0
1647354373657,770,0
1647354374414,761,0
1647354375124,740,0
1647354375802,701,0
1647354376470,682,0
1647354377217,712,0
1647354377976,741,0
1647354378719,748,0
1647354379470,746,0
1647354380296,744,0
1647354380974,731,0
1647354381720,710,0
1647354382358,707,0
1647354383068,686,0
1647354383670,675,0
1647354384345,680,0
1647354385093,694,0
1647354385808,712,0
1647354386558,747,0
1647354387308,756,0
1647354388092,752,0
1647354388845,756,0
1647354389640,759,0
1647354390345,752,0
1647354391055,739,0
1647354391781,728,0
1647354392558,726,0
1647354393308,733,0
1647354394062,746,0
1647354394733,747,0
1647354395483,741,0
1647354396237,735,0
1647354396915,720,0
1647354397658,715,0
1647354398408,739,0
1647354399155,742,0
1647354399907,745,0
1647354400732,747,0
1647354401370,794,0
1647354402420,762,0
1647354402837,781,0
1647354403995,829,0
1647354404782,817,0
1647354405571,756,0
1647354406402,764,0
1647354407181,794,0
1647354408120,865,0
1647354408945,814,0
1647354409732,784,0
1647354410342,798,0
1647354411345,863,0
1647354412093,815,0
1647354412810,755,0
1647354413558,822,0
1647354414346,757,0
1647354415243,755,0
1647354415920,737,0
1647354416595,741,0
1647354417421,809,0
1647354418168,746,0
1647354418920,773,0
1647354419707,780,0
1647354420495,747,0
1647354421168,702,0
1647354421889,753,0
1647354422745,813,0
1647354423645,753,0
1647354424432,861,0
1647354425150,774,0
1647354425820,787,0
1647354426615,791,0
1647354427358,781,0
1647354428181,774,0
1647354428902,781,0
1647354429720,796,0
1647354430545,807,0
1647354431371,818,0
1647354432156,812,0
1647354432983,794,0
1647354433734,785,0
1647354434558,789,0
1647354435346,798,0
1647354436243,819,0
1647354437114,894,0
1647354438046,914,0
1647354438908,882,0
1647354439733,855,0
1647354440446,690,0
1647354441231,774,0
1647354442065,790,0
1647354442808,795,0
1647354443483,765,0
1647354444427,759,0
1647354445169,744,0
1647354445920,743,0
1647354446678,749,0
1647354447421,743,0
1647354448169,751,0
1647354448921,755,0
1647354449671,756,0
1647354450421,757,0
1647354451169,751,0
1647354451927,719,0
1647354452603,726,0
1647354453344,733,0
1647354454094,743,0
1647354454846,760,0
1647354455745,776,0
1647354456496,798,0
1647354457244,808,0
1647354457996,766,0
1647354458745,739,0
1647354459497,720,0
1647354460169,706,0
1647354460846,691,0
1647354461494,669,0
1647354462163,672,0
1647354462871,682,0
1647354463546,694,0
1647354464306,704,0
1647354464969,706,0
1647354465684,700,0
1647354466396,693,0
1647354467106,694,0
1647354467709,687,0
1647354468395,686,0
1647354469138,679,0
1647354469778,690,0
1647354470452,701,0
1647354471232,695,0
1647354471834,686,0
1647354472553,674,0
1647354473182,650,0
1647354473858,667,0
1647354474608,669,0
1647354475244,673,0
1647354475891,678,0
1647354476596,681,0
1647354477232,663,0
1647354477946,651,0
1647354478546,643,0
1647354479150,644,0
1647354479827,653,0
1647354480496,663,0
1647354481169,672,0
1647354481852,673,0
1647354482521,669,0
1647354483157,672,0
1647354484178,710,0
1647354485559,691,0
1647354486232,689,0
1647354486984,693,0
1647354487658,715,0
1647354488371,714,0
1647354489126,709,0
1647354489805,704,0
1647354490472,701,0
1647354491076,675,0
1647354492946,683,0
1647354493622,690,0
1647354494334,702,0
1647354495051,726,0
1647354495803,730,0
1647354496554,740,0
1647354497297,754,0
1647354498089,772,0
1647354498872,791,0
1647354499621,771,0
1647354500447,748,0
1647354501119,740,0
1647354501841,742,0
1647354502591,724,0
1647354503220,686,0
1647354503903,661,0
1647354504615,708,0
1647354505359,729,0
1647354506107,731,0
1647354506896,731,0
1647354507609,760,0
1647354508434,780,0
1647354509226,799,0
1647354510053,822,0
1647354510908,824,0
1647354511660,821,0
1647354512484,807,0
1647354513272,810,0
1647354514176,843,0
1647354515034,869,0
1647354515934,837,0
1647354516728,850,0
1647354517584,841,0
1647354518297,796,0
1647354518902,786,0
1647354519722,687,0
1647354520547,768,0
1647354521270,733,0
1647354522045,807,0
1647354522947,767,0
1647354523553,666,0
1647354524107,728,0
1647354524941,762,0
1647354525947,789,0
1647354526553,739,0
1647354527297,740,0
1647354528045,737,0
1647354528760,731,0
1647354529479,730,0
1647354530220,731,0
1647354530971,737,0
1647354531684,741,0
1647354532441,743,0
1647354533182,744,0
1647354533934,738,0
1647354534610,716,0
1647354535360,709,0
1647354536070,703,0
1647354536747,709,0
1647354537467,722,0
1647354538248,732,0
1647354538994,739,0
1647354539716,745,0
1647354540497,754,0
1647354541214,781,0
1647354542034,776,0
1647354542791,766,0
1647354543572,757,0
1647354544285,745,0
1647354545077,736,0
1647354545747,732,0
1647354546497,722,0
1647354547170,720,0
1647354547935,723,0
1647354548672,732,0
1647354549461,741,0
1647354550171,736,0
1647354550922,716,0
1647354551560,718,0
1647354552347,723,0
1647354553065,729,0
1647354553741,735,0
1647354554484,738,0
1647354555202,740,0
1647354555985,743,0
1647354556735,756,0
1647354557560,790,0
1647354558347,795,0
1647354559177,801,0
1647354559922,797,0
1647354560754,786,0
1647354561498,775,0
1647354562285,771,0
1647354563033,766,0
1647354563792,759,0
1647354564535,760,0
1647354565361,767,0
1647354566108,782,0
1647354566935,792,0
1647354567723,828,0
1647354568554,798,0
1647354569298,759,0
1647354570083,749,0
1647354570910,749,0
1647354571548,769,0
1647354572411,809,0
1647354573165,837,0
1647354574848,804,0
1647354575598,793,0
1647354576348,789,0
1647354577171,773,0
1647354577892,756,0
1647354578672,745,0
1647354579422,749,0
1647354581298,786,0
1647354582053,765,0
1647354582798,750,0
1647354583554,729,0
1647354584260,688,0
1647354584896,675,0
1647354585686,725,0
1647354586404,757,0
1647354587183,768,0
1647354587981,774,0
1647354588723,777,0
1647354589557,788,0
1647354590346,803,0
1647354591158,820,0
1647354592060,866,0
1647354592923,814,0
1647354593604,787,0
1647354594423,778,0
1647354595178,781,0
1647354595967,795,0
1647354596867,834,0
1647354597723,828,0
1647354598473,799,0
1647354599298,826,0
1647354600127,823,0
1647354600911,815,0
1647354601660,811,0
1647354602561,852,0
1647354603535,888,0
1647354604248,787,0
1647354604808,710,0
1647354605936,841,0
1647354606685,840,0
1647354607473,822,0
1647354608220,786,0
1647354608980,772,0
1647354609723,754,0
1647354610510,738,0
1647354611298,750,0
1647354612053,785,0
1647354612842,787,0
1647354613623,786,0
1647354614418,787,0
1647354615203,791,0
1647354615986,796,0
1647354616779,794,0
1647354617605,790,0
1647354618355,787,0
1647354618422,803,0
1647354619248,842,0
1647354619996,766,0
1647354620786,805,0
1647354621612,782,0
1647354622474,867,0
1647354623184,968,0
1647354623973,808,0
1647354624760,800,0
1647354625548,789,0
1647354626299,776,0
1647354627122,771,0
1647354627843,783,0
1647354628661,790,0
1647354629486,786,0
1647354630203,783,0
1647354631060,784,0
1647354631780,786,0
1647354632605,786,0
1647354633348,786,0
1647354634179,772,0
1647354634924,761,0
1647354635642,766,0
1647354636498,777,0
1647354637216,776,0
1647354637999,775,0
1647354638786,783,0
1647354639580,798,0
1647354640436,817,0
1647354641222,829,0
1647354642049,812,0
1647354642799,775,0
1647354643624,769,0
1647354644374,772,0
1647354645159,785,0
1647354646061,831,0
1647354646104,758,0
1647354646848,762,0
1647354647674,806,0
1647354648536,872,0
1647354649474,876,0
1647354650153,787,0
1647354650937,769,0
1647354651731,822,0
1647354652624,789,0
1647354653419,804,0
1647354654159,778,0
1647354654949,843,0
1647354655774,707,0
1647354656487,739,0
1647354657311,843,0
1647354658066,731,0
1647354658811,706,0
1647354659486,764,0
1647354660387,792,0
1647354661066,750,0
1647354661706,729,0
1647354662487,720,0
1647354663234,747,0
1647354663994,747,0
1647354664667,740,0
1647354665411,740,0
1647354666166,833,0
1647354667661,731,0
1647354668412,734,0
1647354669129,736,0
1647354669874,739,0
1647354670624,746,0
1647354671493,771,0
1647354672284,904,0
1647354673097,782,0
1647354673812,743,0
1647354674599,738,0
1647354675312,749,0
1647354676066,757,0
1647354676813,728,0
1647354677568,729,0
1647354678312,735,0
1647354679060,750,0
1647354679924,779,0
1647354680562,770,0
1647354681312,746,0
1647354682061,751,0
1647354682812,750,0
1647354683569,735,0
1647354684312,730,0
1647354684329,750,0
1647354685060,742,0
1647354685736,831,0
1647354686562,706,0
1647354687350,766,0
1647354688179,753,0
1647354688924,834,0
1647354689750,790,0
1647354690543,813,0
1647354691335,793,0
1647354692222,788,0
1647354692787,745,0
1647354693619,716,0
1647354694298,776,0
1647354695185,790,0
1647354695712,804,0
1647354696612,744,0
1647354697400,767,0
1647354698229,800,0
1647354699056,863,0
1647354699875,777,0
1647354700556,808,0
1647354701375,810,0
1647354702160,808,0
1647354702994,805,0
1647354703812,811,0
1647354704712,827,0
1647354705500,844,0
1647354706287,836,0
1647354707222,826,0
1647354707975,830,0
1647354708875,866,0
1647354709736,864,0
1647354710562,854,0
1647354711423,847,0
1647354711573,836,0
1647354712288,893,0
1647354713042,750,0
1647354713975,729,0
1647354714575,805,0
1647354715557,817,0
1647354716185,802,0
1647354716937,750,0
1647354717725,707,0
1647354718475,784,0
1647354719300,811,0
1647354720160,764,0
1647354720987,770,0
1647354721737,770,0
1647354722487,768,0
1647354723235,760,0
1647354723988,727,0
1647354724663,716,0
1647354725495,766,0
1647354726323,799,0
1647354727098,813,0
1647354728000,833,0
1647354728787,856,0
1647354729612,837,0
1647354730407,795,0
1647354731186,779,0
1647354731982,778,0
1647354732774,785,0
1647354733625,810,0
1647354734458,852,0
1647354735350,871,0
1647354736217,883,0
1647354737112,869,0
1647354737912,858,0
1647354738725,839,0
1647354739476,818,0
1647354740376,843,0
1647354741123,828,0
1647354741951,761,0
1647354742669,766,0
1647354743488,813,0
1647354744313,774,0
1647354745105,814,0
1647354745850,765,0
1647354746600,781,0
1647354747350,822,0
1647354748250,827,0
1647354748928,789,0
1647354749788,790,0
1647354750612,787,0
1647354751326,783,0
1647354752186,784,0
1647354753013,797,0
1647354753688,802,0
1647354754550,801,0
1647354755376,803,0
1647354756168,811,0
1647354757063,829,0
1647354757925,876,0
1647354758788,876,0
1647354759613,851,0
1647354760475,832,0
1647354761230,812,0
1647354761976,777,0
1647354762725,746,0
1647354763483,742,0
1647354764224,749,0
1647354764976,747,0
1647354765726,737,0
1647354766476,746,0
1647354767231,764,0
1647354768057,779,0
1647354768876,795,0
1647354769068,784,0
1647354769813,819,0
1647354770638,756,0
1647354771286,719,0
1647354772098,823,0
1647354772852,775,0
1647354773638,765,0
1647354774362,762,0
1647354775099,763,0
1647354775926,764,0
1647354776676,766,0
1647354777388,769,0
1647354778251,777,0
1647354779036,792,0
1647354779863,835,0
1647354780800,900,0
1647354781670,885,0
1647354782492,822,0
1647354783243,799,0
1647354783988,769,0
1647354784707,748,0
1647354785488,735,0
1647354786236,737,0
1647354786995,758,0
1647354787739,765,0
1647354788563,768,0
1647354789314,766,0
1647354790068,770,0
1647354790857,785,0
1647354791676,802,0
1647354792433,771,0
1647354793174,768,0
1647354794039,770,0
1647354794751,730,0
1647354795538,743,0
1647354796288,882,0
1647354797037,780,0
1647354797788,764,0
1647354798545,762,0
1647354799326,755,0
1647354800044,741,0
1647354800789,730,0
1647354801539,730,0
1647354802252,735,0
1647354802968,742,0
1647354803752,748,0
1647354804471,750,0
1647354805252,737,0
1647354805926,719,0
1647354806676,717,0
1647354807351,715,0
1647354808143,711,0
1647354808814,701,0
1647354809489,686,0
1647354809606,805,0
1647354810287,749,0
1647354811099,740,0
1647354811814,765,0
1647354812645,769,0
1647354813362,786,0
1647354814099,707,0
1647354814813,703,0
1647354815571,833,0
1647354817064,743,0
1647354817783,739,0
1647354818496,732,0
1647354819237,726,0
1647354819921,722,0
1647354820664,721,0
1647354821414,723,0
1647354822124,726,0
1647354822876,726,0
1647354823627,726,0
1647354824312,728,0
1647354825050,728,0
1647354825726,724,0
1647354826439,706,0
1647354827112,688,0
1647354827225,754,0
1647354827789,683,0
1647354828501,685,0
1647354829218,667,0
1647354829851,686,0
1647354830571,721,0
1647354831437,758,0
1647354832107,786,0
1647354832783,688,0
1647354833489,716,0
1647354834314,695,0
1647354834987,729,0
1647354835814,736,0
1647354836414,751,0
1647354837162,690,0
1647354837921,707,0
1647354838552,679,0
1647354839376,744,0
1647354839982,754,0
1647354840426,664,0
1647354842158,725,0
1647354842942,725,0
1647354843689,723,0
1647354844403,721,0
1647354845150,717,0
1647354845792,714,0
1647354846502,709,0
1647354847252,706,0
1647354847850,692,0
1647354848564,672,0
1647354849238,676,0
1647354849919,684,0
1647354850627,702,0
1647354851350,714,0
1647354852125,723,0
1647354852802,731,0
1647354853551,729,0
1647354854312,724,0
1647354854975,719,0
1647354855659,715,0
1647354856439,709,0
1647354857113,698,0
1647354857789,690,0
1647354858502,678,0
1647354859175,682,0
1647354859863,690,0
1647354860564,700,0
1647354861237,681,0
1647354861877,667,0
1647354862590,666,0
1647354863157,662,0
1647354863864,665,0
1647354864547,671,0
1647354865251,679,0
1647354866000,699,0
1647354866722,743,0
1647354867547,786,0
1647354868300,796,0
1647354869038,753,0
1647354869827,741,0
1647354870540,741,0
1647354871290,744,0
1647354872038,748,0
1647354872827,749,0
1647354873547,754,0
1647354874290,769,0
1647354875112,804,0
1647354875909,807,0
1647354876727,789,0
1647354877477,775,0
1647354878226,760,0
1647354878977,752,0
1647354879765,750,0
1647354880478,753,0
1647354881232,760,0
1647354882059,793,0
1647354882878,810,0
1647354883658,809,0
1647354884496,801,0
1647354885288,809,0
1647354886139,843,0
1647354887002,838,0
1647354887790,823,0
1647354887863,819,0
1647354888810,885,0
1647354889552,830,0
1647354890453,776,0
1647354891088,790,0
1647354891996,841,0
1647354892852,885,0
1647354893347,845,0
1647354894503,792,0
1647354895213,816,0
1647354896115,877,0
1647354897165,855,0
1647354897503,817,0
1647354898596,755,0
1647354899497,777,0
1647354900170,846,0
1647354901291,899,0
1647354901738,931,0
1647354902940,799,0
1647354903690,835,0
1647354904597,897,0
1647354905491,926,0
1647354906428,860,0
1647354907183,786,0
1647354907859,812,0
1647354908940,933,0
1647354910478,835,0
1647354911377,839,0
1647354912163,843,0
1647354913065,849,0
1647354913928,865,0
1647354914754,887,0
1647354915660,867,0
1647354916478,843,0
1647354917377,833,0
1647354918164,833,0
1647354918990,835,0
1647354919852,837,0
1647354920678,842,0
1647354921540,841,0
1647354922365,827,0
1647354923233,834,0
1647354924167,989,0
1647354924990,825,0
1647354925852,834,0
1647354926678,840,0
1647354927540,834,0
1647354928301,815,0
1647354929121,817,0
1647354929985,827,0
1647354930878,846,0
1647354931628,840,0
1647354932722,842,0
1647354933316,847,0
1647354934553,854,0
1647354934888,826,0
1647354936053,865,0
1647354936916,856,0
1647354937816,858,0
1647354938647,865,0
1647354939547,875,0
1647354940553,880,0
1647354941304,865,0
1647354942095,853,0
1647354942997,844,0
1647354943778,836,0
1647354944609,827,0
1647354945428,824,0
1647354946302,833,0
1647354947114,845,0
1647354947979,850,0
1647354948804,842,0
1647354949598,815,0
1647354950388,812,0
1647354951238,802,0
1647354952066,802,0
1647354952862,807,0
1647354953647,821,0
1647354954504,826,0
1647354955339,825,0
1647354956189,820,0
1647354956978,817,0
1647354957811,819,0
1647354958591,812,0
1647354959379,800,0
1647354960170,791,0
1647354960958,782,0
1647354961741,775,0
1647354962492,772,0
1647354963315,777,0
1647354964071,786,0
1647354964853,791,0
1647354965679,791,0
1647354966428,779,0
1647354967177,754,0
1647354967929,758,0
1647354968642,763,0
1647354969503,772,0
1647354970291,785,0
1647354971039,793,0
1647354971866,809,0
1647354972728,819,0
1647354973555,808,0
1647354974389,826,0
1647354975096,794,0
1647354975879,776,0
1647354977942,800,0
1647354978728,814,0
1647354979591,812,0
1647354980379,814,0
1647354981164,813,0
1647354981991,817,0
1647354982855,842,0
1647354983716,830,0
1647354984428,791,0
1647354985254,781,0
1647354986046,790,0
1647354986835,827,0
1647354987736,838,0
1647354988629,870,0
1647354989492,881,0
1647354990354,904,0
1647354991254,880,0
1647354992114,856,0
1647354992942,842,0
1647354993729,834,0
1647354994560,808,0
1647354995304,780,0
1647354996133,780,0
1647354996923,788,0
1647354997742,800,0
1647354998567,810,0
1647354999354,816,0
1647355000184,832,0
1647355001042,871,0
1647355001991,885,0
1647355002849,791,0
1647355003749,726,0
1647355004492,836,0
1647355005354,858,0
1647355006442,935,0
1647355007227,856,0
1647355007941,813,0
1647355008729,792,0
1647355009629,830,0
1647355010491,889,0
1647355011059,881,0
1647355012111,838,0
1647355012969,836,0
1647355013798,836,0
1647355014586,822,0
1647355015480,813,0
1647355016228,804,0
1647355017060,795,0
1647355017804,798,0
1647355018667,810,0
1647355019492,821,0
1647355020317,829,0
1647355021109,830,0
1647355022004,828,0
1647355022761,826,0
1647355023616,827,0
1647355024443,824,0
1647355025228,818,0
1647355026092,812,0
1647355026879,811,0
1647355027562,792,0
1647355028380,758,0
1647355029165,772,0
1647355030074,842,0
1647355030855,865,0
1647355031649,760,0
1647355032365,749,0
1647355033215,780,0
1647355034049,837,0
1647355034911,914,0
1647355035917,896,0
1647355036599,823,0
1647355037499,779,0
1647355038240,805,0
1647355039067,796,0
1647355040049,868,0
1647355040836,884,0
1647355041505,809,0
1647355042562,834,0
1647355043305,872,0
1647355044240,850,0
1647355044999,868,0
1647355045780,752,0
1647355046568,773,0
1647355047240,762,0
1647355047992,803,0
1647355049004,778,0
1647355049792,784,0
1647355050549,788,0
1647355051368,794,0
1647355052190,797,0
1647355052991,806,0
1647355053774,811,0
1647355054630,813,0
1647355055418,808,0
1647355056173,796,0
1647355056992,791,0
1647355057817,790,0
1647355058574,791,0
1647355059355,792,0
1647355060178,786,0
1647355060930,779,0
1647355061680,763,0
1647355062430,771,0
1647355063293,769,0
1647355064003,769,0
1647355064792,787,0
1647355065618,807,0
1647355066406,804,0
1647355067190,792,0
1647355067912,764,0
1647355068768,765,0
1647355069555,779,0
1647355070349,816,0
1647355071166,822,0
1647355071993,832,0
1647355072824,836,0
1647355073718,946,0
1647355074549,860,0
1647355075368,836,0
1647355076191,822,0
1647355076992,819,0
1647355077880,826,0
1647355078743,829,0
1647355079493,828,0
1647355080318,804,0
1647355081103,786,0
1647355081856,790,0
1647355082680,797,0
1647355083511,804,0
1647355084303,809,0
1647355085116,815,0
1647355085943,826,0
1647355086730,827,0
1647355087562,815,0
1647355088380,811,0
1647355089166,815,0
1647355090068,826,0
1647355090856,819,0
1647355091681,815,0
1647355092468,811,0
1647355093256,806,0
1647355094048,801,0
1647355094868,794,0
1647355095618,787,0
1647355096412,782,0
1647355097192,790,0
1647355098056,801,0
1647355098073,779,0
1647355098918,837,0
1647355099787,813,0
1647355100718,825,0
1647355101356,836,0
1647355102148,717,0
1647355103005,760,0
1647355103718,786,0
1647355104737,867,0
1647355105368,856,0
1647355106191,775,0
1647355106800,795,0
1647355107769,772,0
1647355108556,808,0
1647355109041,728,0
1647355110138,779,0
1647355110956,778,0
1647355111668,765,0
1647355113693,745,0
1647355114488,786,0
1647355115229,802,0
1647355116055,814,0
1647355116851,815,0
1647355117637,803,0
1647355118531,796,0
1647355119356,791,0
1647355120149,796,0
1647355120856,797,0
1647355121681,785,0
1647355122431,771,0
1647355123186,758,0
1647355123855,726,0
1647355124605,710,0
1647355125367,750,0
1647355126178,781,0
1647355127009,796,0
1647355127793,814,0
1647355128619,827,0
1647355129413,827,0
1647355130279,836,0
1647355131130,838,0
1647355131963,853,0
1647355133006,910,0
1647355133944,990,0
1647355134806,889,0
1647355135638,846,0
1647355136418,810,0
1647355137204,795,0
1647355138001,783,0
1647355138745,778,0
1647355139569,786,0
1647355140367,808,0
1647355141149,822,0
1647355141267,756,0
1647355142007,765,0
1647355142794,778,0
1647355143393,728,0
1647355144179,672,0
1647355144788,668,0
1647355145607,715,0
1647355146292,740,0
1647355147148,764,0
1647355147863,814,0
1647355148575,717,0
1647355149166,706,0
1647355150075,666,0
1647355151613,755,0
1647355152357,747,0
1647355153067,732,0
1647355153789,714,0
1647355154463,706,0
1647355155136,700,0
1647355155845,686,0
1647355156481,652,0
1647355157236,693,0
1647355157990,754,0
1647355158844,772,0
1647355159556,781,0
1647355160418,806,0
1647355161282,820,0
1647355162070,816,0
1647355162819,798,0
1647355163607,781,0
1647355164394,769,0
1647355165074,725,0
1647355165713,694,0
1647355166569,766,0
1647355167356,812,0
1647355168257,839,0
1647355169043,839,0
1647355169839,821,0
1647355170657,807,0
1647355171481,804,0
1647355172307,803,0
1647355173099,814,0
1647355174000,845,0
1647355174782,838,0
1647355175606,806,0
1647355176432,818,0
1647355177294,859,0
1647355178161,794,0
1647355178982,834,0
1647355179927,906,0
1647355180856,904,0
1647355181614,793,0
1647355182431,790,0
1647355183319,824,0
1647355184161,886,0
1647355185807,836,0
1647355186632,834,0
1647355187427,829,0
1647355188212,828,0
1647355189070,817,0
1647355189857,803,0
1647355190682,789,0
1647355191432,787,0
1647355192218,797,0
1647355193047,813,0
1647355193839,818,0
1647355194657,809,0
1647355195482,795,0
1647355196200,785,0
1647355197057,779,0
1647355197883,760,0
1647355198557,753,0
1647355199344,770,0
1647355200092,792,0
1647355200994,815,0
1647355201150,837,0
1647355201970,893,0
1647355202915,890,0
1647355203808,917,0
1647355204632,782,0
1647355205389,796,0
1647355206292,860,0
1647355207267,872,0
1647355207967,871,0
1647355208945,813,0
1647355209808,897,0
1647355210746,900,0
1647355211495,1032,0
1647355213183,874,0
1647355214044,865,0
1647355214908,861,0
1647355215808,858,0
1647355216595,834,0
1647355217420,816,0
1647355218252,829,0
1647355219105,873,0
1647355220056,888,0
1647355220915,879,0
1647355221807,868,0
1647355222639,861,0
1647355223464,848,0
1647355224283,828,0
1647355225106,814,0
1647355225970,835,0
1647355226162,905,0
1647355227102,880,0
1647355227852,901,0
1647355228789,900,0
1647355229570,794,0
1647355230395,770,0
1647355231106,804,0
1647355232048,868,0
1647355232759,819,0
1647355233620,724,0
1647355234381,844,0
1647355235231,858,0
1647355236102,895,0
1647355236995,777,0
1647355237858,793,0
1647355238571,843,0
1647355239093,819,0
1647355240152,760,0
1647355240558,749,0
1647355241720,791,0
1647355242620,805,0
1647355243181,952,0
1647355244120,771,0
1647355244870,767,0
1647355245658,764,0
1647355246408,758,0
1647355247163,757,0
1647355247915,760,0
1647355248664,763,0
1647355249408,765,0
1647355250240,769,0
1647355250984,776,0
1647355251808,777,0
1647355252558,774,0
1647355253319,771,0
1647355254130,770,0
1647355254890,778,0
1647355255639,782,0
1647355256420,783,0
1647355257252,783,0
1647355258106,785,0
1647355258820,791,0
1647355259615,794,0
1647355260433,791,0
1647355261181,785,0
1647355261977,786,0
1647355262796,796,0
1647355263552,802,0
1647355264343,805,0
1647355265156,806,0
1647355265984,809,0
1647355266846,823,0
1647355267671,836,0
1647355268420,801,0
1647355269244,799,0
1647355270071,807,0
1647355270933,820,0
1647355271796,861,0
1647355272666,868,0
1647355273484,859,0
1647355273706,846,0
1647355274346,808,0
1647355275169,781,0
1647355275920,830,0
1647355276746,786,0
1647355277496,728,0
1647355278396,783,0
1647355279106,777,0
1647355279940,768,0
1647355280646,771,0
1647355281471,793,0
1647355282371,839,0
1647355283232,887,0
1647355284096,887,0
1647355284959,849,0
1647355285865,856,0
1647355286759,900,0
1647355287622,874,0
1647355288415,820,0
1647355289232,823,0
1647355290103,856,0
1647355290966,855,0
1647355290982,843,0
1647355291783,860,0
1647355292646,861,0
1647355293584,796,0
1647355294106,773,0
1647355295234,848,0
1647355296171,846,0
1647355296847,836,0
1647355297671,819,0
1647355298466,797,0
1647355299283,800,0
1647355300106,817,0
1647355300934,829,0
1647355301796,830,0
1647355302666,832,0
1647355303419,833,0
1647355304308,836,0
1647355305095,828,0
1647355305921,816,0
1647355306747,804,0
1647355307496,802,0
1647355308284,798,0
1647355309106,793,0
1647355309903,795,0
1647355310684,801,0
1647355311547,810,0
1647355312307,812,0
1647355313120,787,0
1647355313878,784,0
1647355314666,788,0
1647355315491,802,0
1647355316308,790,0
1647355317064,781,0
1647355317847,778,0
1647355318603,795,0
1647355319459,802,0
1647355320247,794,0
1647355321070,797,0
1647355321866,806,0
1647355322653,808,0
1647355323435,806,0
1647355324227,800,0
1647355325054,798,0
1647355325872,791,0
1647355326591,777,0
1647355327448,754,0
1647355328045,733,0
1647355328797,743,0
1647355329622,762,0
1647355330372,766,0
1647355331120,760,0
1647355331872,763,0
1647355332659,766,0
1647355333454,764,0
1647355334082,737,0
1647355334872,723,0
1647355335622,724,0
1647355336296,732,0
1647355337045,741,0
1647355337796,742,0
1647355338554,745,0
1647355339297,746,0
1647355340046,755,0
1647355340804,761,0
1647355341591,764,0
1647355342372,774,0
1647355343194,782,0
1647355343909,785,0
1647355344735,788,0
1647355345484,787,0
1647355346309,769,0
1647355347020,742,0
1647355347734,738,0
1647355348560,763,0
1647355349348,812,0
1647355350178,823,0
1647355351072,825,0
1647355351860,853,0
1647355352729,858,0
1647355353554,833,0
1647355354372,810,0
1647355355089,779,0
1647355355910,774,0
1647355356735,803,0
1647355357560,828,0
1647355358422,863,0
1647355359404,891,0
1647355360183,870,0
1647355361054,860,0
1647355361909,855,0
1647355362734,847,0
1647355363560,820,0
1647355364272,792,0
1647355365133,762,0
1647355365847,755,0
1647355366635,785,0
1647355367497,810,0
1647355368286,823,0
1647355369107,823,0
1647355369860,789,0
1647355370616,765,0
1647355371360,737,0
1647355372078,749,0
1647355372935,779,0
1647355373655,777,0
1647355374436,759,0
1647355375227,770,0
1647355375972,782,0
1647355376798,788,0
1647355377629,784,0
1647355378372,779,0
1647355379159,785,0
1647355379233,877,0
1647355380098,887,0
1647355380848,740,0
1647355381748,797,0
1647355382581,855,0
1647355383334,820,0
1647355384108,769,0
1647355384859,780,0
1647355385610,802,0
1647355386472,806,0
1647355388048,783,0
1647355388879,786,0
1647355389622,783,0
1647355390411,777,0
1647355391158,779,0
1647355392023,781,0
1647355392697,777,0
1647355393485,773,0
1647355394348,774,0
1647355395096,791,0
1647355395923,822,0
1647355396748,827,0
1647355397579,817,0
1647355398330,791,0
1647355399108,776,0
1647355399860,778,0
1647355400685,774,0
1647355401405,771,0
1647355402221,770,0
1647355402860,773,0
1647355403573,730,0
1647355404324,726,0
1647355405108,761,0
1647355405973,791,0
1647355406685,817,0
1647355407171,738,0
1647355408111,737,0
1647355408711,794,0
1647355409805,850,0
1647355410660,877,0
1647355411271,812,0
1647355412121,823,0
1647355412955,846,0
1647355413810,843,0
1647355414673,850,0
1647355415535,838,0
1647355416286,813,0
1647355417116,799,0
1647355417860,791,0
1647355418686,778,0
1647355419360,756,0
1647355420108,722,0
1647355420786,693,0
1647355421648,712,0
1647355422286,739,0
1647355422996,747,0
1647355423718,743,0
1647355424499,728,0
1647355425104,676,0
1647355425780,653,0
1647355426523,680,0
1647355427122,669,0
1647355427724,638,0
1647355428432,635,0
1647355429108,673,0
1647355429755,680,0
1647355430424,682,0
1647355431171,692,0
1647355431848,714,0
1647355432605,719,0
1647355433320,710,0
1647355433908,666,0
1647355434484,584,0
1647355435108,587,0
1647355435749,647,0
1647355436423,665,0
1647355437096,676,0
1647355437811,677,0
1647355438486,676,0
1647355439122,677,0
1647355439799,675,0
1647355440478,665,0
1647355441115,627,0
1647355441749,635,0
1647355442423,683,0
1647355443178,712,0
1647355443855,723,0
1647355444598,729,0
1647355445355,722,0
1647355446059,712,0
1647355446736,706,0
1647355447418,705,0
1647355448159,705,0
1647355448873,709,0
1647355449586,718,0
1647355450411,730,0
1647355451122,751,0
1647355451843,770,0
1647355452624,768,0
1647355453411,767,0
1647355454202,801,0
1647355455287,830,0
1647355456936,806,0
1647355457724,790,0
1647355458549,790,0
1647355459299,790,0
1647355460159,790,0
1647355460911,791,0
1647355461743,797,0
1647355462567,811,0
1647355463348,842,0
1647355464249,847,0
1647355465109,851,0
1647355465936,846,0
1647355466724,840,0
1647355467624,831,0
1647355468412,819,0
1647355469241,809,0
1647355470068,805,0
1647355470848,812,0
1647355471674,817,0
1647355472471,825,0
1647355473372,840,0
1647355474222,882,0
1647355475243,936,0
1647355475511,869,0
1647355476399,864,0
1647355477300,941,0
1647355478500,999,0
1647355479248,885,0
1647355479997,757,0
1647355480974,943,0
1647355481874,915,0
1647355482774,922,0
1647355483712,926,0
1647355484619,937,0
1647355485406,870,0
1647355486299,826,0
1647355487160,890,0
1647355488099,884,0
1647355488736,762,0
1647355489568,745,0
1647355490360,824,0
1647355491217,830,0
1647355492081,843,0
1647355492905,835,0
1647355493724,840,0
1647355494587,840,0
1647355495411,850,0
1647355496312,854,0
1647355497181,863,0
1647355498082,864,0
1647355498862,841,0
1647355499687,832,0
1647355500594,873,0
1647355501495,888,0
1647355502350,894,0
1647355503179,822,0
1647355504156,860,0
1647355504975,854,0
1647355505360,790,0
1647355506474,779,0
1647355507419,842,0
1647355508537,960,0
1647355509173,955,0
1647355510794,851,0
1647355511660,856,0
1647355512481,855,0
1647355513344,857,0
1647355514323,851,0
1647355515067,838,0
1647355515850,830,0
1647355516750,828,0
1647355517538,834,0
1647355518363,843,0
1647355519222,832,0
1647355520050,825,0
1647355520881,823,0
1647355521737,815,0
1647355522488,803,0
1647355523242,786,0
1647355523988,756,0
1647355524850,767,0
1647355525606,799,0
1647355526425,835,0
1647355527298,839,0
1647355528110,836,0
1647355528975,841,0
1647355529800,849,0
1647355530662,873,0
1647355531600,878,0
1647355532431,869,0
1647355533363,881,0
1647355535462,899,0
1647355536287,853,0
1647355537192,839,0
1647355537938,805,0
1647355538731,787,0
1647355539475,786,0
1647355540301,791,0
1647355541093,771,0
1647355541807,761,0
1647355542588,771,0
1647355543413,783,0
1647355544235,803,0
1647355544950,816,0
1647355545812,792,0
1647355546645,793,0
1647355547435,802,0
1647355548173,797,0
1647355549000,788,0
1647355549795,783,0
1647355550538,788,0
1647355551363,796,0
1647355552155,800,0
1647355552938,797,0
1647355553733,778,0
1647355554476,755,0
1647355555231,766,0
1647355556057,797,0
1647355556875,801,0
1647355557663,795,0
1647355558495,802,0
1647355559286,817,0
1647355560098,833,0
1647355560963,834,0
1647355561787,839,0
1647355562732,845,0
1647355563475,844,0
1647355564375,868,0
1647355565236,856,0
1647355566063,833,0
1647355566851,821,0
1647355567683,818,0
1647355568576,816,0
1647355569374,826,0
1647355570451,855,0
1647355572176,867,0
1647355573038,828,0
1647355573795,805,0
1647355574575,799,0
1647355575476,801,0
1647355576155,805,0
1647355576976,802,0
1647355577801,799,0
1647355578626,801,0
1647355579423,815,0
1647355580313,847,0
1647355581098,852,0
1647355582007,835,0
1647355582750,819,0
1647355583464,764,0
1647355584857,729,0
1647355585758,804,0
1647355586501,803,0
1647355587218,781,0
1647355587888,718,0
1647355588676,724,0
1647355589389,710,0
1647355590105,742,0
1647355590926,767,0
1647355591682,778,0
1647355592470,782,0
1647355593251,781,0
1647355594043,795,0
1647355594870,813,0
1647355595739,829,0
1647355597751,865,0
1647355598583,839,0
1647355599364,818,0
1647355600157,804,0
1647355600983,794,0
1647355601800,794,0
1647355602626,802,0
1647355603420,811,0
1647355604199,848,0
1647355605108,840,0
1647355605851,807,0
1647355606676,803,0
1647355607470,801,0
1647355608289,806,0
1647355609112,809,0
1647355609939,805,0
1647355610733,803,0
1647355611476,801,0
1647355612301,805,0
1647355613086,813,0
1647355613914,810,0
1647355614739,806,0
1647355615565,798,0
1647355616388,792,0
1647355617098,791,0
1647355617926,793,0
1647355618675,785,0
1647355619433,760,0
1647355620174,750,0
1647355621002,760,0
1647355621795,786,0
1647355622576,802,0
1647355623364,802,0
1647355624156,794,0
1647355624976,789,0
1647355625733,791,0
1647355626626,800,0
1647355627376,819,0
1647355628206,832,0
1647355629064,844,0
1647355629851,823,0
1647355630752,811,0
1647355631464,819,0
1647355632371,824,0
1647355633187,822,0
1647355634016,819,0
1647355634801,824,0
1647355635701,832,0
1647355636489,833,0
1647355637287,822,0
1647355638099,823,0
1647355638964,809,0
1647355639751,810,0
1647355640502,781,0
1647355641327,783,0
1647355642150,796,0
1647355642939,803,0
1647355643727,830,0
1647355644626,859,0
1647355645639,905,0
1647355646427,908,0
1647355647327,875,0
1647355648113,836,0
1647355648939,814,0
1647355649733,812,0
1647355650633,815,0
1647355651459,822,0
1647355652238,854,0
1647355653065,822,0
1647355653852,818,0
1647355654752,828,0
1647355655577,854,0
1647355656440,844,0
1647355657231,820,0
1647355657977,781,0
1647355658733,770,0
1647355659477,763,0
1647355660312,761,0
1647355660675,752,0
1647355661652,794,0
1647355662552,842,0
1647355663302,848,0
1647355664989,826,0
1647355665814,813,0
1647355666640,799,0
1647355667396,793,0
1647355668175,784,0
1647355668927,759,0
1647355669684,759,0
1647355670502,757,0
1647355671138,745,0
1647355672002,758,0
1647355672752,766,0
1647355673502,764,0
1647355674220,755,0
1647355675003,753,0
1647355675752,752,0
1647355676464,745,0
1647355677252,756,0
1647355677970,761,0
1647355678752,755,0
1647355679502,748,0
1647355680219,742,0
1647355681002,739,0
1647355681715,732,0
1647355682390,700,0
1647355683105,697,0
1647355683859,698,0
1647355684496,709,0
1647355685238,720,0
1647355685952,723,0
1647355686671,726,0
1647355687415,731,0
1647355688162,741,0
1647355688915,754,0
1647355689664,753,0
1647355690425,748,0
1647355691163,750,0
1647355691915,761,0
1647355692778,768,0
1647355693459,769,0
1647355694238,768,0
1647355695071,773,0
1647355695853,777,0
1647355696715,787,0
1647355697363,782,0
1647355698175,774,0
1647355698927,759,0
1647355699684,746,0
1647355700390,729,0
1647355700957,678,0
1647355701778,685,0
1647355702569,764,0
1647355703315,783,0
1647355704108,783,0
1647355704891,801,0
1647355705865,894,0
1647355706690,873,0
1647355707440,788,0
1647355708226,780,0
1647355709052,787,0
1647355709885,820,0
1647355710740,828,0
1647355711640,830,0
1647355712363,827,0
1647355713176,821,0
1647355714009,816,0
1647355714797,814,0
1647355715615,803,0
1647355716372,792,0
1647355716926,716,0
1647355717760,728,0
1647355718502,786,0
1647355719176,711,0
1647355719897,687,0
1647355720753,731,0
1647355721498,737,0
1647355722253,726,0
1647355722926,718,0
1647355723603,704,0
1647355724363,721,0
1647355725063,718,0
1647355725814,718,0
1647355726491,716,0
1647355727207,724,0
1647355727991,733,0
1647355728740,737,0
1647355729571,768,0
1647355730428,876,0
1647355731253,843,0
1647355732045,796,0
1647355732829,792,0
1647355733623,781,0
1647355734366,776,0
1647355735114,759,0
1647355735866,752,0
1647355736584,750,0
1647355737366,746,0
1647355738114,750,0
1647355738827,761,0
1647355739659,768,0
1647355740439,766,0
1647355741189,763,0
1647355741910,764,0
1647355742803,771,0
1647355743479,781,0
1647355744313,773,0
1647355745052,767,0
1647355745766,765,0
1647355746556,768,0
1647355747351,777,0
1647355748126,781,0
1647355748916,784,0
1647355749748,785,0
1647355750570,795,0
1647355751353,833,0
1647355752253,849,0
1647355753039,854,0
1647355753872,829,0
1647355754654,807,0
1647355755516,803,0
1647355756351,818,0
1647355757164,853,0
1647355758111,850,0
1647355758854,843,0
1647355758895,845,0
1647355759679,832,0
1647355760541,763,0
1647355761254,767,0
1647355762189,794,0
1647355762941,774,0
1647355763691,779,0
1647355764478,784,0
1647355765304,793,0
1647355766058,787,0
1647355766810,770,0
1647355767558,754,0
1647355768266,744,0
1647355769051,752,0
1647355769841,774,0
1647355770628,787,0
1647355771416,793,0
1647355772278,796,0
1647355773064,796,0
1647355773816,788,0
1647355774611,795,0
1647355775430,793,0
1647355776254,810,0
1647355777152,866,0
1647355778129,928,0
1647355778991,938,0
1647355779892,859,0
1647355780678,850,0
1647355781545,851,0
1647355782441,856,0
1647355783227,840,0
1647355784054,818,0
1647355784879,804,0
1647355785629,795,0
1647355786490,814,0
1647355787392,847,0
1647355788221,875,0
1647355789123,915,0
1647355789979,880,0
1647355790879,873,0
1647355791786,894,0
1647355792648,878,0
1647355793504,855,0
1647355794334,841,0
1647355795190,839,0
1647355796060,850,0
1647355796954,866,0
1647355797823,878,0
1647355798683,886,0
1647355799623,878,0
1647355800441,872,0
1647355801304,859,0
1647355802127,859,0
1647355802991,869,0
1647355803899,885,0
1647355804798,890,0
1647355805654,891,0
1647355806630,897,0
1647355807461,887,0
1647355808364,886,0
1647355809221,878,0
1647355810048,859,0
1647355810904,835,0
1647355811730,822,0
1647355812555,832,0
1647355813417,843,0
1647355814239,841,0
1647355815104,850,0
1647355816004,857,0
1647355816830,865,0
1647355817692,864,0
1647355818562,857,0
1647355819423,843,0
1647355820097,822,0
1647355821667,817,0
1647355822568,876,0
1647355823430,888,0
1647355824336,920,0
1647355825304,930,0
1647355826127,878,0
1647355826992,852,0
1647355827786,836,0
1647355828611,822,0
1647355829430,814,0
1647355830255,799,0
1647355830973,770,0
1647355831755,771,0
1647355832548,786,0
1647355833442,831,0
1647355834305,852,0
1647355835202,872,0
1647355836105,885,0
1647355836929,878,0
1647355837040,864,0
1647355837867,860,0
1647355838655,852,0
1647355839480,835,0
1647355840278,817,0
1647355841059,807,0
1647355841880,809,0
1647355842743,824,0
1647355843567,834,0
1647355844355,832,0
1647355845215,825,0
1647355846043,820,0
1647355846943,823,0
1647355847692,830,0
1647355848480,830,0
1647355849380,828,0
1647355850202,817,0
1647355850993,811,0
1647355851780,814,0
1647355852616,817,0
1647355853430,818,0
1647355854255,821,0
1647355855115,837,0
1647355855980,877,0
1647355856880,885,0
1647355857704,883,0
1647355858616,875,0
1647355859468,871,0
1647355860368,866,0
1647355861197,847,0
1647355861980,830,0
1647355862804,803,0
1647355862847,913,0
1647355863668,820,0
1647355864575,811,0
1647355865210,814,0
1647355866255,875,0
1647355867041,880,0
1647355867831,918,0
1647355868662,844,0
1647355869480,860,0
1647355870353,846,0
1647355871166,834,0
1647355871992,827,0
1647355872818,816,0
1647355873617,793,0
1647355874430,790,0
1647355875256,812,0
1647355876041,830,0
1647355876875,834,0
1647355877699,801,0
1647355878443,777,0
1647355879235,776,0
1647355879980,788,0
1647355880806,805,0
1647355881668,815,0
1647355882500,822,0
1647355883291,824,0
1647355884103,822,0
1647355884968,820,0
1647355885792,841,0
1647355886805,923,0
1647355887668,945,0
1647355888568,859,0
1647355889356,843,0
1647355890179,839,0
1647355891043,842,0
1647355891943,848,0
1647355892731,848,0
1647355893563,839,0
1647355894353,822,0
1647355895166,800,0
1647355895925,761,0
1647355896743,772,0
1647355897568,814,0
1647355898431,838,0
1647355899267,862,0
1647355900228,918,0
1647355901175,959,0
1647355901993,881,0
1647355902780,818,0
1647355903661,786,0
1647355904356,781,0
1647355905179,792,0
1647355905973,814,0
1647355906868,834,0
1647355907663,843,0
1647355908563,843,0
1647355909354,842,0
1647355910250,840,0
1647355911066,840,0
1647355911900,874,0
1647355912869,902,0
1647355913693,880,0
1647355914556,825,0
1647355915351,827,0
1647355916242,854,0
1647355917112,848,0
1647355917938,840,0
1647355918718,835,0
1647355919551,837,0
1647355919692,893,0
1647355920413,793,0
1647355921228,784,0
1647355922055,808,0
1647355922919,870,0
1647355923444,859,0
1647355924354,876,0
1647355925431,839,0
1647355926223,838,0
1647355927126,835,0
1647355927869,805,0
1647355928881,925,0
1647355929712,843,0
1647355930463,848,0
1647355931319,806,0
1647355932104,819,0
1647355933043,833,0
1647355933868,868,0
1647355934694,849,0
1647355935481,809,0
1647355936228,786,0
1647355936944,734,0
1647355937732,739,0
1647355938518,772,0
1647355939306,770,0
1647355940054,760,0
1647355940807,759,0
1647355941632,775,0
1647355942388,796,0
1647355943211,812,0
1647355944000,814,0
1647355944781,807,0
1647355945607,799,0
1647355946432,802,0
1647355947256,811,0
1647355949319,820,0
1647355950104,818,0
1647355950900,814,0
1647355951756,800,0
1647355952544,786,0
1647355953369,819,0
1647355954161,829,0
1647355955057,848,0
1647355955994,891,0
1647355956830,895,0
1647355957682,865,0
1647355958506,811,0
1647355959305,802,0
1647355960086,807,0
1647355960192,875,0
1647355961057,838,0
1647355961806,780,0
1647355962632,796,0
1647355963355,807,0
1647355964130,810,0
1647355964956,811,0
1647355965414,698,0
1647355966426,744,0
1647355967251,752,0
1647355968067,806,0
1647355968745,788,0
1647355969463,754,0
1647355970242,723,0
1647355970995,743,0
1647355971901,776,0
1647355972532,793,0
1647355973357,774,0
1647355974180,787,0
1647355974857,797,0
1647355975569,832,0
1647355976544,837,0
1647355977444,808,0
1647355978161,763,0
1647355980563,826,0
1647355981382,824,0
1647355982167,813,0
1647355982889,791,0
1647355983745,780,0
1647355984494,761,0
1647355985242,753,0
1647355985963,764,0
1647355986820,773,0
1647355987576,771,0
1647355988320,754,0
1647355989105,769,0
1647355989857,802,0
1647355990757,813,0
1647355991545,817,0
1647355992370,810,0
1647355993117,804,0
1647355993944,801,0
1647355994663,789,0
1647355995482,757,0
1647355996236,769,0
1647355997133,796,0
1647355997927,859,0
1647355998744,855,0
1647355999543,777,0
1647356000431,807,0
1647356001106,816,0
1647356001977,800,0
1647356002832,839,0
1647356003252,720,0
1647356004295,805,0
1647356005118,795,0
1647356005914,792,0
1647356006731,793,0
1647356007483,790,0
1647356008280,793,0
1647356009130,801,0
1647356009958,823,0
1647356010745,821,0
1647356011495,783,0
1647356012252,765,0
1647356013074,760,0
1647356013858,783,0
1647356014614,790,0
1647356015358,774,0
1647356016075,756,0
1647356016857,736,0
1647356017607,742,0
1647356018368,762,0
1647356019180,788,0
1647356020008,804,0
1647356020796,810,0
1647356021627,816,0
1647356022408,817,0
1647356023280,823,0
1647356024130,826,0
1647356024920,812,0
1647356025707,802,0
1647356026494,802,0
1647356027331,818,0
1647356028224,855,0
1647356029195,901,0
1647356030095,952,0
1647356031070,942,0
1647356031977,954,0
1647356032946,948,0
1647356033852,939,0
1647356034820,912,0
1647356035717,891,0
1647356036551,880,0
1647356037415,880,0
1647356038383,896,0
1647356039320,926,0
1647356040258,957,0
1647356041230,979,0
1647356042246,996,0
1647356043183,969,0
1647356044120,949,0
1647356045064,935,0
1647356046033,947,0
1647356046933,942,0
1647356047802,901,0
1647356048732,892,0
1647356049633,904,0
1647356050577,911,0
1647356051433,901,0
1647356052296,886,0
1647356053194,883,0
1647356054102,885,0
1647356054996,890,0
1647356055858,883,0
1647356056758,876,0
1647356056950,928,0
1647356057359,864,0
1647356058181,848,0
1647356059383,879,0
1647356060243,904,0
1647356061306,890,0
1647356062044,903,0
1647356062803,834,0
1647356063733,862,0
1647356064708,970,0
1647356066434,879,0
1647356067296,898,0
1647356068202,902,0
1647356069171,892,0
1647356070040,888,0
1647356070858,896,0
1647356071796,895,0
1647356072620,872,0
1647356073484,865,0
1647356074383,861,0
1647356075213,879,0
1647356076184,904,0
1647356077046,884,0
1647356077871,851,0
1647356078733,853,0
1647356079634,856,0
1647356080420,850,0
1647356081321,838,0
1647356082112,852,0
1647356082971,868,0
1647356083915,881,0
1647356084778,901,0
1647356085752,915,0
1647356086616,908,0
1647356087509,890,0
1647356088344,882,0
1647356089238,860,0
1647356090065,833,0
1647356090921,841,0
1647356091791,860,0
1647356092721,873,0
1647356093546,875,0
1647356094446,881,0
1647356095309,895,0
1647356096284,908,0
1647356097107,895,0
1647356098008,877,0
1647356098909,878,0
1647356099733,853,0
1647356100562,846,0
1647356101353,822,0
1647356102176,810,0
1647356102996,812,0
1647356103821,823,0
1647356104684,840,0
1647356105591,882,0
1647356106484,890,0
1647356107386,899,0
1647356108284,907,0
1647356109151,913,0
1647356110160,905,0
1647356110984,885,0
1647356111847,855,0
1647356112676,843,0
1647356113496,850,0
1647356114359,855,0
1647356115260,864,0
1647356116045,848,0
1647356116947,846,0
1647356117810,849,0
1647356118634,848,0
1647356119428,833,0
1647356120214,825,0
1647356121115,830,0
1647356121896,841,0
1647356122722,833,0
1647356123546,805,0
1647356124382,805,0
1647356125164,812,0
1647356125984,821,0
1647356126853,831,0
1647356127676,831,0
1647356128497,828,0
1647356129360,832,0
1647356130220,839,0
1647356131047,854,0
1647356131947,863,0
1647356132809,865,0
1647356133596,863,0
1647356134498,860,0
1647356135359,856,0
1647356136182,845,0
1647356137053,837,0
1647356137872,833,0
1647356138742,840,0
1647356139372,821,0
1647356140610,856,0
1647356141622,1002,0
1647356142484,854,0
1647356143233,1011,0
1647356144997,875,0
1647356145860,863,0
1647356146689,858,0
1647356147547,860,0
1647356148409,861,0
1647356149310,859,0
1647356150095,846,0
1647356150997,833,0
1647356151859,865,0
1647356152689,861,0
1647356153547,848,0
1647356154307,813,0
1647356155045,743,0
1647356155767,756,0
1647356156622,793,0
1647356157410,798,0
1647356158165,790,0
1647356158879,710,0
1647356159622,686,0
1647356160410,814,0
1647356161310,856,0
1647356162208,859,0
1647356163072,858,0
1647356163860,859,0
1647356164723,847,0
1647356165810,892,0
1647356167610,864,0
1647356168360,819,0
1647356169183,799,0
1647356169973,811,0
1647356170872,831,0
1647356171735,855,0
1647356172597,873,0
1647356173616,921,0
1647356174548,1030,0
1647356175416,880,0
1647356176310,855,0
1647356177102,849,0
1647356178004,856,0
1647356178861,867,0
1647356179722,878,0
1647356180623,882,0
1647356181491,875,0
1647356182348,867,0
1647356183215,856,0
1647356184079,852,0
1647356184904,859,0
1647356185804,878,0
1647356186667,864,0
1647356187454,846,0
1647356188310,828,0
1647356189095,793,0
1647356189848,781,0
1647356190672,796,0
1647356191498,801,0
1647356192295,794,0
1647356193071,789,0
1647356193860,797,0
1647356194723,819,0
1647356195585,833,0
1647356196411,847,0
1647356197239,859,0
1647356198135,852,0
1647356198923,839,0
1647356199823,834,0
1647356200583,834,0
1647356201435,838,0
1647356202270,843,0
1647356203121,844,0
1647356203985,845,0
1647356204811,844,0
1647356205672,847,0
1647356206580,855,0
1647356207405,866,0
1647356208221,862,0
1647356209092,854,0
1647356209992,851,0
1647356210811,852,0
1647356211641,852,0
1647356212573,847,0
1647356213372,842,0
1647356214184,835,0
1647356215048,830,0
1647356215872,829,0
1647356216660,831,0
1647356217491,831,0
1647356218355,823,0
1647356219140,822,0
1647356219998,826,0
1647356220786,834,0
1647356221685,829,0
1647356222405,818,0
1647356223222,798,0
1647356224011,752,0
1647356224686,714,0
1647356225436,732,0
1647356226146,765,0
1647356226973,777,0
1647356227798,783,0
1647356228548,788,0
1647356229374,794,0
1647356230158,798,0
1647356230986,802,0
1647356231818,809,0
1647356232605,814,0
1647356233423,816,0
1647356234248,818,0
1647356235071,822,0
1647356235867,830,0
1647356236731,843,0
1647356237624,856,0
1647356238418,858,0
1647356239321,839,0
1647356240103,827,0
1647356240961,825,0
1647356241748,827,0
1647356242611,839,0
1647356243511,851,0
1647356244299,843,0
1647356245122,832,0
1647356245918,826,0
1647356246806,831,0
1647356247669,857,0
1647356248532,855,0
1647356249362,858,0
1647356250222,861,0
1647356251169,887,0
1647356252099,921,0
1647356252999,927,0
1647356253861,900,0
1647356254731,883,0
1647356255661,881,0
1647356256561,880,0
1647356257350,868,0
1647356258248,856,0
1647356259109,848,0
1647356259936,846,0
1647356260731,839,0
1647356261555,811,0
1647356262374,786,0
1647356263090,789,0
1647356263911,796,0
1647356264736,802,0
1647356265562,799,0
1647356266387,799,0
1647356267141,807,0
1647356268000,817,0
1647356268786,822,0
1647356269611,821,0
1647356270406,811,0
1647356270554,860,0
1647356271222,865,0
1647356272049,770,0
1647356272875,809,0
1647356273668,841,0
1647356274456,831,0
1647356275311,748,0
1647356276172,833,0
1647356276999,839,0
1647356277861,850,0
1647356278350,838,0
1647356279512,743,0
1647356280229,768,0
1647356280936,827,0
1647356281799,797,0
1647356282549,844,0
1647356283412,795,0
1647356284425,847,0
1647356285362,914,0
1647356286116,872,0
1647356286793,802,0
1647356287688,787,0
1647356288482,789,0
1647356289110,747,0
1647356290912,792,0
1647356291661,790,0
1647356292562,811,0
1647356293500,918,0
1647356294362,919,0
1647356295185,830,0
1647356295981,812,0
1647356296768,802,0
1647356297624,798,0
1647356298344,795,0
1647356299129,793,0
1647356300024,794,0
1647356300743,784,0
1647356301637,817,0
1647356302687,921,0
1647356303550,1012,0
1647356304374,831,0
1647356305235,845,0
1647356306100,835,0
1647356306856,809,0
1647356307600,790,0
1647356308431,781,0
1647356309173,789,0
1647356310000,796,0
1647356310794,801,0
1647356311612,801,0
1647356312362,790,0
1647356313154,786,0
1647356313938,781,0
1647356314724,777,0
1647356315556,794,0
1647356316300,770,0
1647356317054,763,0
1647356317875,779,0
1647356318624,789,0
1647356319412,804,0
1647356320284,825,0
1647356321179,865,0
1647356321999,858,0
1647356322787,821,0
1647356323612,792,0
1647356324444,794,0
1647356325229,805,0
1647356326050,852,0
1647356326912,857,0
1647356327781,859,0
1647356328675,857,0
1647356328942,910,0
1647356329656,851,0
1647356330437,777,0
1647356331300,791,0
1647356332054,815,0
1647356332875,850,0
1647356333775,839,0
1647356334223,843,0
1647356335350,804,0
1647356336180,858,0
1647356337112,898,0
1647356337975,871,0
1647356338844,861,0
1647356339557,771,0
1647356340375,773,0
1647356341161,782,0
1647356342925,813,0
1647356343788,834,0
1647356344612,860,0
1647356345558,878,0
1647356346413,894,0
1647356347313,892,0
1647356348173,883,0
1647356349525,868,0
1647356350285,872,0
1647356351061,875,0
1647356351969,846,0
1647356352753,765,0
1647356353575,805,0
1647356354363,752,0
1647356356050,788,0
1647356356875,807,0
1647356357664,822,0
1647356358563,861,0
1647356359688,969,0
1647356360558,1036,0
1647356361413,862,0
1647356362242,848,0
1647356363107,852,0
1647356364000,864,0
1647356364938,897,0
1647356365912,937,0
1647356366742,923,0
1647356367600,885,0
1647356368582,881,0
1647356369444,912,0
1647356370376,922,0
1647356371312,922,0
1647356372174,906,0
1647356373076,892,0
1647356373985,886,0
1647356374838,886,0
1647356375751,892,0
1647356376601,890,0
1647356377582,888,0
1647356378401,886,0
1647356379311,891,0
1647356380286,941,0
1647356381180,943,0
1647356382113,912,0
1647356382975,885,0
1647356383844,876,0
1647356384745,881,0
1647356385607,884,0
1647356386395,855,0
1647356387251,885,0
1647356387780,917,0
1647356389800,850,0
1647356390664,854,0
1647356391570,855,0
1647356392350,852,0
1647356393212,850,0
1647356394119,851,0
1647356394938,845,0
1647356395770,844,0
1647356396626,856,0
1647356397488,864,0
1647356398361,853,0
1647356399174,839,0
1647356400113,841,0
1647356400864,842,0
1647356401688,831,0
1647356402482,822,0
1647356403376,825,0
1647356404124,810,0
1647356404914,803,0
1647356405739,812,0
1647356406570,807,0
1647356407351,807,0
1647356408174,811,0
1647356408964,799,0
1647356409788,798,0
1647356410538,788,0
1647356411364,785,0
1647356412149,795,0
1647356412945,810,0
1647356413801,834,0
1647356414664,869,0
1647356415488,837,0
1647356416314,819,0
1647356417179,817,0
1647356418001,822,0
1647356418864,844,0
1647356419731,899,0
1647356420671,926,0
1647356421601,945,0
1647356421786,938,0
1647356422733,877,0
1647356423627,997,0
1647356424420,901,0
1647356425324,924,0
1647356426174,895,0
1647356427039,861,0
1647356427864,822,0
1647356428658,823,0
1647356429558,855,0
1647356430488,901,0
1647356431362,899,0
1647356432219,893,0
1647356433120,870,0
1647356433939,844,0
1647356434726,821,0
1647356435552,791,0
1647356436346,800,0
1647356437200,823,0
1647356438071,841,0
1647356438852,840,0
1647356439676,812,0
1647356440502,816,0
1647356441364,869,0
1647356442302,884,0
1647356443125,874,0
1647356443989,853,0
1647356444814,841,0
1647356445676,843,0
1647356445787,915,0
1647356446576,883,0
1647356447408,813,0
1647356448225,912,0
1647356449164,908,0
1647356450183,913,0
1647356450971,1066,0
1647356452689,878,0
1647356453475,868,0
1647356454377,858,0
1647356455206,858,0
1647356456064,853,0
1647356456927,851,0
1647356457792,853,0
1647356458727,861,0
1647356459552,881,0
1647356460490,927,0
1647356461352,909,0
1647356462219,872,0
1647356463114,868,0
1647356463983,867,0
1647356464775,854,0
1647356465671,840,0
1647356466458,843,0
1647356467389,861,0
1647356468364,826,0
1647356469188,887,0
1647356469677,860,0
1647356471784,879,0
1647356472684,875,0
1647356473471,864,0
1647356474328,807,0
1647356475075,769,0
1647356475940,817,0
1647356476727,849,0
1647356477634,847,0
1647356478378,812,0
1647356479163,788,0
1647356479996,786,0
1647356480739,796,0
1647356481602,814,0
1647356482428,824,0
1647356483252,826,0
1647356484075,826,0
1647356484902,824,0
1647356485727,824,0
1647356486552,829,0
1647356487303,770,0
1647356488126,867,0
1647356489102,863,0
1647356490002,889,0
1647356490678,865,0
1647356491615,809,0
1647356492559,847,0
1647356493424,856,0
1647356494238,982,0
1647356495825,855,0
1647356496684,844,0
1647356497465,834,0
1647356498290,830,0
1647356499188,834,0
1647356499977,835,0
1647356500806,830,0
1647356501590,822,0
1647356502384,814,0
1647356503238,814,0
1647356504065,816,0
1647356504859,817,0
1647356505646,814,0
1647356506584,817,0
1647356507365,835,0
1647356508232,858,0
1647356509166,908,0
1647356510065,885,0
1647356510853,863,0
1647356511752,849,0
1647356512428,821,0
1647356514790,840,0
1647356515615,828,0
1647356516403,821,0
1647356517226,796,0
1647356517984,776,0
1647356518727,752,0
1647356519440,693,0
1647356520120,696,0
1647356520873,730,0
1647356521616,760,0
1647356522327,743,0
1647356523114,739,0
1647356523790,723,0
1647356524540,723,0
1647356525291,730,0
1647356526038,745,0
1647356526762,754,0
1647356527615,792,0
1647356528478,837,0
1647356529351,906,0
1647356530163,819,0
1647356530953,793,0
1647356531819,805,0
1647356532609,818,0
1647356533353,805,0
1647356534176,806,0
1647356535040,830,0
1647356535910,836,0
1647356536661,832,0
1647356537478,809,0
1647356538233,775,0
1647356539060,782,0
1647356539878,788,0
1647356540665,801,0
1647356541497,828,0
1647356542289,829,0
1647356543102,813,0
1647356543928,801,0
1647356544760,798,0
1647356545616,830,0
1647356546410,837,0
1647356547188,835,0
1647356548053,822,0
1647356548878,813,0
1647356549672,809,0
1647356550459,809,0
1647356551316,819,0
1647356552101,838,0
1647356552928,809,0
1647356553796,819,0
1647356554014,918,0
1647356554916,888,0
1647356555635,891,0
1647356556226,781,0
1647356557429,808,0
1647356558101,824,0
1647356559116,854,0
1647356559941,895,0
1647356560803,822,0
1647356561747,879,0
1647356562491,870,0
1647356563504,879,0
1647356564291,858,0
1647356565002,764,0
1647356565835,768,0
1647356566615,819,0
1647356567440,863,0
1647356568304,857,0
1647356569126,818,0
1647356569923,840,0
1647356570635,843,0
1647356571611,818,0
1647356572398,822,0
1647356573254,825,0
1647356574114,838,0
1647356574941,856,0
1647356575841,860,0
1647356576666,853,0
1647356577491,849,0
1647356578354,838,0
1647356579109,819,0
1647356580006,799,0
1647356580802,837,0
1647356581698,855,0
1647356582628,907,0
1647356583573,932,0
1647356584504,927,0
1647356585339,903,0
1647356586233,885,0
1647356586979,804,0
1647356587879,824,0
1647356588667,807,0
1647356589454,812,0
1647356590288,826,0
1647356591146,836,0
1647356592004,841,0
1647356592831,841,0
1647356593692,837,0
1647356594560,836,0
1647356595383,831,0
1647356596165,820,0
1647356596917,782,0
1647356597673,764,0
1647356598461,779,0
1647356599316,820,0
1647356600102,827,0
1647356600934,812,0
1647356601716,785,0
1647356602504,789,0
1647356603255,711,0
1647356603852,768,0
1647356604679,754,0
1647356605616,787,0
1647356606292,790,0
1647356607115,750,0
1647356607942,765,0
1647356608692,815,0
1647356609178,819,0
1647356610314,782,0
1647356611880,799,0
1647356612742,802,0
1647356613462,807,0
1647356614318,823,0
1647356615102,838,0
1647356615929,823,0
1647356616723,810,0
1647356617548,810,0
1647356618415,825,0
1647356619227,854,0
1647356620167,853,0
1647356620962,851,0
1647356621857,845,0
1647356622648,804,0
1647356623549,910,0
1647356624405,864,0
1647356625380,891,0
1647356626279,944,0
1647356627071,874,0
1647356627973,853,0
1647356628873,894,0
1647356629729,910,0
1647356630592,831,0
1647356632623,752,0
1647356633411,784,0
1647356634228,789,0
1647356634986,787,0
1647356635774,816,0
1647356636668,818,0
1647356637461,830,0
1647356638317,827,0
1647356639103,812,0
1647356639936,808,0
1647356640761,814,0
1647356641580,819,0
1647356643567,889,0
1647356644430,837,0
1647356645255,850,0
1647356646153,824,0
1647356646836,819,0
1647356647736,873,0
1647356648480,769,0
1647356649305,778,0
1647356650097,808,0
1647356650955,814,0
1647356651743,819,0
1647356652568,821,0
1647356653430,831,0
1647356654255,819,0
1647356655040,811,0
1647356655904,836,0
1647356656924,812,0
1647356657668,1025,0
1647356658493,782,0
1647356659290,812,0
1647356660066,777,0
1647356660817,768,0
1647356661605,767,0
1647356662365,759,0
1647356663216,800,0
1647356663931,797,0
1647356664680,736,0
1647356665399,761,0
1647356666255,772,0
1647356667010,773,0
1647356667800,782,0
1647356668692,806,0
1647356669449,850,0
1647356670343,862,0
1647356671090,765,0
1647356671850,761,0
1647356672562,729,0
1647356673236,732,0
1647356674056,750,0
1647356674812,761,0
1647356675487,729,0
1647356677318,782,0
1647356678110,737,0
1647356678743,719,0
1647356679568,713,0
1647356680291,730,0
1647356680923,735,0
1647356681668,729,0
1647356682381,723,0
1647356682941,632,0
1647356683587,585,0
1647356684369,738,0
1647356685154,757,0
1647356685869,748,0
1647356686656,724,0
1647356687293,714,0
1647356688048,717,0
1647356688724,724,0
1647356689550,729,0
1647356690255,737,0
1647356690898,739,0
1647356691682,720,0
1647356692431,723,0
1647356693104,730,0
1647356693862,736,0
1647356694606,730,0
1647356695356,738,0
1647356696222,839,0
1647356696937,784,0
1647356697680,697,0
1647356698356,704,0
1647356699066,702,0
1647356699743,708,0
1647356700568,712,0
1647356701280,717,0
1647356701961,740,0
1647356702675,751,0
1647356703569,747,0
1647356704355,874,0
1647356705110,769,0
1647356705900,805,0
1647356706607,729,0
1647356707291,699,0
1647356707998,679,0
1647356708630,650,0
1647356709317,656,0
1647356709911,680,0
1647356710587,669,0
1647356711376,690,0
1647356712117,737,0
1647356712794,712,0
1647356713506,700,0
